id 1,id 2,repo,commit,source,target,file path,lines,flag,R1 source APIs,R2 source APIs,agreed source API,R1 target APIs,R2 target APIs,agreed target APIs,R1 source program elements,R2 source program elements,agreed source program elements,R1 target program elements,R2 target program elements,agreed target program elements,R1 cardinality,R2 cardinality,agreed cardinality,R1 properties,R2 properties,agreed properties,R1 comments,R2 comments,R1,R2
M1,A1,keepsafe/aiohttp,e51fb1ff1ebdde566b96af0090c5c63cf1a62b1b,attrs,dataclasses,aiohttp/client.py,31:5,,import attr,attr,,import dataclasses,dataclasses,,import,import,import,import,import,import,one-to-one,one-to-one,one-to-one,module name change,full statement replacement,,,,moha,ajay
M2,A2,keepsafe/aiohttp,e51fb1ff1ebdde566b96af0090c5c63cf1a62b1b,attrs,dataclasses,aiohttp/client.py,139:139,,s,attr.s,,dataclass,dataclasses.dataclass,,decorator,decorator,decorator,decorator,decorator,decorator,one-to-one,one-to-one,one-to-one,argument deletion;element name change,argument deletion,,,,moha,ajay
M3,A3,keepsafe/aiohttp,e51fb1ff1ebdde566b96af0090c5c63cf1a62b1b,attrs,dataclasses,aiohttp/client.py,704:704,,evolve,attr.evolve,,replace,dataclasses.replace,,function call,function call,function call,function call,function call,function call,one-to-one,one-to-one,one-to-one,element name change,no properties,,,,moha,ajay
M4,A4,keepsafe/aiohttp,e51fb1ff1ebdde566b96af0090c5c63cf1a62b1b,attrs,dataclasses,aiohttp/client_reqrep.py,26:3,,import attr,attr,,import dataclasses,dataclasses,,import,import,import,import,import,import,one-to-one,one-to-one,one-to-one,module name change,full statement replacement,,,,moha,ajay
M5,A5,keepsafe/aiohttp,e51fb1ff1ebdde566b96af0090c5c63cf1a62b1b,attrs,dataclasses,aiohttp/client_reqrep.py,89:89,,s,attr.s,,dataclass,dataclasses.dataclass,,decorator,decorator,decorator,decorator,decorator,decorator,one-to-one,one-to-one,one-to-one,argument deletion;element name change,argument deletion,,,,moha,ajay
M6,A6,keepsafe/aiohttp,e51fb1ff1ebdde566b96af0090c5c63cf1a62b1b,attrs,dataclasses,aiohttp/client_reqrep.py,96:96,,s,attr.s,,dataclass,dataclasses.dataclass,,decorator,decorator,decorator,decorator,decorator,decorator,one-to-one,one-to-one,one-to-one,argument deletion;element name change,argument deletion,,,,moha,ajay
M7,A7,keepsafe/aiohttp,e51fb1ff1ebdde566b96af0090c5c63cf1a62b1b,attrs,dataclasses,aiohttp/client_reqrep.py,148:144,,s,attr.s,,dataclass,dataclasses.dataclass,,decorator,decorator,decorator,decorator,decorator,decorator,one-to-one,one-to-one,one-to-one,argument deletion;element name change,argument deletion,,,,moha,ajay
M8,A8,keepsafe/aiohttp,e51fb1ff1ebdde566b96af0090c5c63cf1a62b1b,attrs,dataclasses,aiohttp/client_ws.py,7:4,,import attr,attr,,import dataclasses,dataclasses,,import,import,import,import,import,import,one-to-one,one-to-one,one-to-one,module name change,full statement replacement,,,,moha,ajay
M9,A9,keepsafe/aiohttp,e51fb1ff1ebdde566b96af0090c5c63cf1a62b1b,attrs,dataclasses,aiohttp/client_ws.py,30:30,,s,attr.s,,dataclass,dataclasses.dataclass,,decorator,decorator,decorator,decorator,decorator,decorator,one-to-one,one-to-one,one-to-one,argument deletion;element name change,argument deletion,,,,moha,ajay
M10,A10,keepsafe/aiohttp,e51fb1ff1ebdde566b96af0090c5c63cf1a62b1b,attrs,dataclasses,aiohttp/connector.py,31:2,,import attr,attr,,import dataclasses,dataclasses,,import,import,import,import,import,import,one-to-one,one-to-one,one-to-one,module name change,full statement replacement,,,,moha,ajay
M11,A11,keepsafe/aiohttp,e51fb1ff1ebdde566b96af0090c5c63cf1a62b1b,attrs,dataclasses,aiohttp/connector.py,1073:1072,,evolve,attr.evolve,,replace,dataclasses.replace,,function call,function call,function call,function call,function call,function call,one-to-one,one-to-one,one-to-one,element name change,no properties,,,,moha,ajay
M12,A12,keepsafe/aiohttp,e51fb1ff1ebdde566b96af0090c5c63cf1a62b1b,attrs,dataclasses,aiohttp/helpers.py,45:7,,import attr,attr,,import dataclasses,dataclasses,,import,import,import,import,import,import,one-to-one,one-to-one,one-to-one,module name change,full statement replacement,,,,moha,ajay
M13,A13,keepsafe/aiohttp,e51fb1ff1ebdde566b96af0090c5c63cf1a62b1b,attrs,dataclasses,aiohttp/helpers.py,235:235,,s,attr.s,,dataclass,dataclasses.dataclass,,decorator,decorator,decorator,decorator,decorator,decorator,one-to-one,one-to-one,one-to-one,argument deletion;element name change,argument deletion,,,,moha,ajay
M14,A14,keepsafe/aiohttp,e51fb1ff1ebdde566b96af0090c5c63cf1a62b1b,attrs,dataclasses,aiohttp/helpers.py,272:272,,s,attr.s,,dataclass,dataclasses.dataclass,,decorator,decorator,decorator,decorator,decorator,decorator,one-to-one,one-to-one,one-to-one,argument deletion;element name change,argument deletion,,,,moha,ajay
M15,A15,keepsafe/aiohttp,e51fb1ff1ebdde566b96af0090c5c63cf1a62b1b,attrs,dataclasses,aiohttp/tracing.py,4:1,,import attr,attr,,import dataclasses,dataclasses,,import,import,import,import,import,import,one-to-one,one-to-one,one-to-one,module name change,full statement replacement,,,,moha,ajay
M16,A16,keepsafe/aiohttp,e51fb1ff1ebdde566b96af0090c5c63cf1a62b1b,attrs,dataclasses,aiohttp/tracing.py,220:220,,s,attr.s,,dataclass,dataclasses.dataclass,,decorator,decorator,decorator,decorator,decorator,decorator,one-to-one,one-to-one,one-to-one,argument deletion;element name change,argument deletion,,,,moha,ajay
M17,A17,keepsafe/aiohttp,e51fb1ff1ebdde566b96af0090c5c63cf1a62b1b,attrs,dataclasses,aiohttp/tracing.py,229:229,,s,attr.s,,dataclass,dataclasses.dataclass,,decorator,decorator,decorator,decorator,decorator,decorator,one-to-one,one-to-one,one-to-one,argument deletion;element name change,argument deletion,,,,moha,ajay
M18,A18,keepsafe/aiohttp,e51fb1ff1ebdde566b96af0090c5c63cf1a62b1b,attrs,dataclasses,aiohttp/tracing.py,238:238,,s,attr.s,,dataclass,dataclasses.dataclass,,decorator,decorator,decorator,decorator,decorator,decorator,one-to-one,one-to-one,one-to-one,argument deletion;element name change,argument deletion,,,,moha,ajay
M19,A19,keepsafe/aiohttp,e51fb1ff1ebdde566b96af0090c5c63cf1a62b1b,attrs,dataclasses,aiohttp/tracing.py,247:247,,s,attr.s,,dataclass,dataclasses.dataclass,,decorator,decorator,decorator,decorator,decorator,decorator,one-to-one,one-to-one,one-to-one,argument deletion;element name change,argument deletion,,,,moha,ajay
M20,A20,keepsafe/aiohttp,e51fb1ff1ebdde566b96af0090c5c63cf1a62b1b,attrs,dataclasses,aiohttp/tracing.py,257:257,,s,attr.s,,dataclass,dataclasses.dataclass,,decorator,decorator,decorator,decorator,decorator,decorator,one-to-one,one-to-one,one-to-one,argument deletion;element name change,argument deletion,,,,moha,ajay
M21,A21,keepsafe/aiohttp,e51fb1ff1ebdde566b96af0090c5c63cf1a62b1b,attrs,dataclasses,aiohttp/tracing.py,267:267,,s,attr.s,,dataclass,dataclasses.dataclass,,decorator,decorator,decorator,decorator,decorator,decorator,one-to-one,one-to-one,one-to-one,argument deletion;element name change,argument deletion,,,,moha,ajay
M22,A22,keepsafe/aiohttp,e51fb1ff1ebdde566b96af0090c5c63cf1a62b1b,attrs,dataclasses,aiohttp/tracing.py,277:277,,s,attr.s,,dataclass,dataclasses.dataclass,,decorator,decorator,decorator,decorator,decorator,decorator,one-to-one,one-to-one,one-to-one,argument deletion;element name change,argument deletion,,,,moha,ajay
M23,A23,keepsafe/aiohttp,e51fb1ff1ebdde566b96af0090c5c63cf1a62b1b,attrs,dataclasses,aiohttp/tracing.py,282:282,,s,attr.s,,dataclass,dataclasses.dataclass,,decorator,decorator,decorator,decorator,decorator,decorator,one-to-one,one-to-one,one-to-one,argument deletion;element name change,argument deletion,,,,moha,ajay
M24,A24,keepsafe/aiohttp,e51fb1ff1ebdde566b96af0090c5c63cf1a62b1b,attrs,dataclasses,aiohttp/tracing.py,287:287,,s,attr.s,,dataclass,dataclasses.dataclass,,decorator,decorator,decorator,decorator,decorator,decorator,one-to-one,one-to-one,one-to-one,argument deletion;element name change,argument deletion,,,,moha,ajay
M25,A25,keepsafe/aiohttp,e51fb1ff1ebdde566b96af0090c5c63cf1a62b1b,attrs,dataclasses,aiohttp/tracing.py,292:292,,s,attr.s,,dataclass,dataclasses.dataclass,,decorator,decorator,decorator,decorator,decorator,decorator,one-to-one,one-to-one,one-to-one,argument deletion;element name change,argument deletion,,,,moha,ajay
M26,A26,keepsafe/aiohttp,e51fb1ff1ebdde566b96af0090c5c63cf1a62b1b,attrs,dataclasses,aiohttp/tracing.py,297:297,,s,attr.s,,dataclass,dataclasses.dataclass,,decorator,decorator,decorator,decorator,decorator,decorator,one-to-one,one-to-one,one-to-one,argument deletion;element name change,argument deletion,,,,moha,ajay
M27,A27,keepsafe/aiohttp,e51fb1ff1ebdde566b96af0090c5c63cf1a62b1b,attrs,dataclasses,aiohttp/tracing.py,302:302,,s,attr.s,,dataclass,dataclasses.dataclass,,decorator,decorator,decorator,decorator,decorator,decorator,one-to-one,one-to-one,one-to-one,argument deletion;element name change,argument deletion,,,,moha,ajay
M28,A28,keepsafe/aiohttp,e51fb1ff1ebdde566b96af0090c5c63cf1a62b1b,attrs,dataclasses,aiohttp/tracing.py,309:309,,s,attr.s,,dataclass,dataclasses.dataclass,,decorator,decorator,decorator,decorator,decorator,decorator,one-to-one,one-to-one,one-to-one,argument deletion;element name change,argument deletion,,,,moha,ajay
M29,A29,keepsafe/aiohttp,e51fb1ff1ebdde566b96af0090c5c63cf1a62b1b,attrs,dataclasses,aiohttp/tracing.py,316:316,,s,attr.s,,dataclass,dataclasses.dataclass,,decorator,decorator,decorator,decorator,decorator,decorator,one-to-one,one-to-one,one-to-one,argument deletion;element name change,argument deletion,,,,moha,ajay
M30,A30,keepsafe/aiohttp,e51fb1ff1ebdde566b96af0090c5c63cf1a62b1b,attrs,dataclasses,aiohttp/tracing.py,323:323,,s,attr.s,,dataclass,dataclasses.dataclass,,decorator,decorator,decorator,decorator,decorator,decorator,one-to-one,one-to-one,one-to-one,argument deletion;element name change,argument deletion,,,,moha,ajay
M31,A31,keepsafe/aiohttp,e51fb1ff1ebdde566b96af0090c5c63cf1a62b1b,attrs,dataclasses,aiohttp/tracing.py,330:330,,s,attr.s,,dataclass,dataclasses.dataclass,,decorator,decorator,decorator,decorator,decorator,decorator,one-to-one,one-to-one,one-to-one,argument deletion;element name change,argument deletion,,,,moha,ajay
M32,A32,keepsafe/aiohttp,e51fb1ff1ebdde566b96af0090c5c63cf1a62b1b,attrs,dataclasses,aiohttp/web_request.py,27:2,,import attr,attr,,import dataclasses,dataclasses,,import,import,import,import,import,import,one-to-one,one-to-one,one-to-one,module name change,full statement replacement,,,,moha,ajay
M33,A33,keepsafe/aiohttp,e51fb1ff1ebdde566b96af0090c5c63cf1a62b1b,attrs,dataclasses,aiohttp/web_request.py,69:69,,s,attr.s,,dataclass,dataclasses.dataclass,,decorator,decorator,decorator,decorator,decorator,decorator,one-to-one,one-to-one,one-to-one,argument deletion;element name change,argument deletion,,,,moha,ajay
M34,A34,keepsafe/aiohttp,e51fb1ff1ebdde566b96af0090c5c63cf1a62b1b,attrs,dataclasses,aiohttp/web_routedef.py,18:2,,import attr,attr,,import dataclasses,dataclasses,,import,import,import,import,import,import,one-to-one,one-to-one,one-to-one,module name change,full statement replacement,,,,moha,ajay
M35,A35,keepsafe/aiohttp,e51fb1ff1ebdde566b96af0090c5c63cf1a62b1b,attrs,dataclasses,aiohttp/web_routedef.py,60:59,,s,attr.s,,dataclass,dataclasses.dataclass,,decorator,decorator,decorator,decorator,decorator,decorator,one-to-one,one-to-one,one-to-one,argument deletion;element name change,argument deletion,,,,moha,ajay
M36,A36,keepsafe/aiohttp,e51fb1ff1ebdde566b96af0090c5c63cf1a62b1b,attrs,dataclasses,aiohttp/web_routedef.py,85:84,,s,attr.s,,dataclass,dataclasses.dataclass,,decorator,decorator,decorator,decorator,decorator,decorator,one-to-one,one-to-one,one-to-one,argument deletion;element name change,argument deletion,,,,moha,ajay
M37,A37,keepsafe/aiohttp,e51fb1ff1ebdde566b96af0090c5c63cf1a62b1b,attrs,dataclasses,aiohttp/web_ws.py,9:4,,import attr,attr,,import dataclasses,dataclasses,,import,import,import,import,import,import,one-to-one,one-to-one,one-to-one,module name change,full statement replacement,,,,moha,ajay
M38,A38,keepsafe/aiohttp,e51fb1ff1ebdde566b96af0090c5c63cf1a62b1b,attrs,dataclasses,aiohttp/web_ws.py,44:44,,s,attr.s,,dataclass,dataclasses.dataclass,,decorator,decorator,decorator,decorator,decorator,decorator,one-to-one,one-to-one,one-to-one,argument deletion;element name change,argument deletion,,,,moha,ajay
M39,A39,noisyboiler/wampy,f87f7bee3363567132240caac62c8a3f8148a8fe,eventlet,gevent,test/helpers.py,5:5,,import eventlet,eventlet,,import gevent,gevent,,import,import,import,import,import,import,one-to-one,one-to-one,one-to-one,module name change,full statement replacement,,,,moha,ajay
M40,A40,noisyboiler/wampy,f87f7bee3363567132240caac62c8a3f8148a8fe,eventlet,gevent,test/helpers.py,13:13,,Timeout,Timeout,Timeout,Timeout,Timeout,Timeout,function call,function call,function call,function call,function call,function call,one-to-one,one-to-one,one-to-one,no properties,no properties,no properties,,Correct line is 11:11,moha,ajay
M48,A48,noisyboiler/wampy,f87f7bee3363567132240caac62c8a3f8148a8fe,eventlet,gevent,wampy/__init__.py,8:8,,import eventlet,eventlet,,import gevent.monkey,gevent.monkey,,import,import,import,import,import,import,one-to-one,one-to-one,one-to-one,module name change,full statement replacement,,,,moha,ajay
M49,A49,noisyboiler/wampy,f87f7bee3363567132240caac62c8a3f8148a8fe,eventlet,gevent,wampy/__init__.py,25:25,,monkey_patch,monkey_patch,monkey_patch,patch_all,patch_all,patch_all,function call,function call,function call,function call,function call,function call,one-to-one,one-to-one,one-to-one,element name change,no properties,,,,moha,ajay
M50,A50,noisyboiler/wampy,f87f7bee3363567132240caac62c8a3f8148a8fe,eventlet,gevent,wampy/session.py,8:8-9,,import eventlet,eventlet,,"import gevent
import gevent.queue",gevent.queue;gevent,,import,import,import,import,import,import,many-to-one,one-to-many,,full statement replacement,full statement replacement,full statement replacement,,,moha,ajay
M51,A51,noisyboiler/wampy,f87f7bee3363567132240caac62c8a3f8148a8fe,eventlet,gevent,wampy/session.py,68:69,,Queue,Queue,Queue,Queue,Queue,Queue,function call,function call,function call,function call,function call,function call,one-to-one,one-to-one,one-to-one,no properties,no properties,no properties,,,moha,ajay
M52,A52,noisyboiler/wampy,f87f7bee3363567132240caac62c8a3f8148a8fe,eventlet,gevent,wampy/session.py,118:119,,Timeout,Timeout,Timeout,Empty,Empty,Empty,exception,exception,exception,exception,exception,exception,one-to-one,one-to-one,one-to-one,element name change,element name change,element name change,,,moha,ajay
M53,A53,noisyboiler/wampy,f87f7bee3363567132240caac62c8a3f8148a8fe,eventlet,gevent,wampy/session.py,171:167-168,,spawn,spawn,spawn,spawn,spawn,spawn,function call,function call,function call,function call,function call,function call,one-to-one,one-to-one,one-to-one,argument transformation,no properties,,,,moha,ajay
M54,A54,noisyboiler/wampy,f87f7bee3363567132240caac62c8a3f8148a8fe,eventlet,gevent,wampy/session.py,178:175,,spawn,spawn,spawn,spawn,spawn,spawn,function call,function call,function call,function call,function call,function call,one-to-one,one-to-one,one-to-one,no properties,no properties,no properties,,,moha,ajay
M55,A55,noisyboiler/wampy,f87f7bee3363567132240caac62c8a3f8148a8fe,eventlet,gevent,wampy/testing/helpers.py,5:5,,import eventlet,eventlet,,import gevent.monkey,gevent,,import,import,import,import,import,import,one-to-one,one-to-one,one-to-one,module name change,full statement replacement,,,,moha,ajay
M56,A56,noisyboiler/wampy,f87f7bee3363567132240caac62c8a3f8148a8fe,eventlet,gevent,wampy/testing/helpers.py,13:13,,Timeout,Timeout,Timeout,Timeout,Timeout,Timeout,function call,function call,function call,function call,function call,function call,one-to-one,one-to-one,one-to-one,no properties,no properties,no properties,,,moha,ajay
M57,A57,noisyboiler/wampy,f87f7bee3363567132240caac62c8a3f8148a8fe,eventlet,gevent,wampy/testing/helpers.py,18:18,,sleep,sleep,sleep,sleep,sleep,sleep,function call,function call,function call,function call,function call,function call,one-to-one,one-to-one,one-to-one,argument addition,argument addition,argument addition,,,moha,ajay
M58,A58,noisyboiler/wampy,f87f7bee3363567132240caac62c8a3f8148a8fe,eventlet,gevent,wampy/testing/helpers.py,22:22,,Timeout,Timeout,Timeout,Timeout,Timeout,Timeout,function call,function call,function call,function call,function call,function call,one-to-one,one-to-one,one-to-one,no properties,no properties,no properties,,,moha,ajay
M59,A59,noisyboiler/wampy,f87f7bee3363567132240caac62c8a3f8148a8fe,eventlet,gevent,wampy/testing/helpers.py,27:27,,sleep,sleep,sleep,sleep,sleep,sleep,function call,function call,function call,function call,function call,function call,one-to-one,one-to-one,one-to-one,argument addition,argument addition,argument addition,,,moha,ajay
M60,A60,noisyboiler/wampy,f87f7bee3363567132240caac62c8a3f8148a8fe,eventlet,gevent,wampy/testing/helpers.py,31:31,,Timeout,Timeout,Timeout,Timeout,Timeout,Timeout,function call,function call,function call,function call,function call,function call,one-to-one,one-to-one,one-to-one,no properties,no properties,no properties,,,moha,ajay
M61,A61,noisyboiler/wampy,f87f7bee3363567132240caac62c8a3f8148a8fe,eventlet,gevent,wampy/testing/helpers.py,33:33,,sleep,sleep,sleep,sleep,sleep,sleep,function call,function call,function call,function call,function call,function call,one-to-one,one-to-one,one-to-one,argument addition,argument addition,argument addition,,,moha,ajay
M62,A62,noisyboiler/wampy,f87f7bee3363567132240caac62c8a3f8148a8fe,eventlet,gevent,wampy/testing/helpers.py,40:40,,Timeout,Timeout,Timeout,Timeout,Timeout,Timeout,function call,function call,function call,function call,function call,function call,one-to-one,one-to-one,one-to-one,no properties,no properties,no properties,,,moha,ajay
M63,A63,noisyboiler/wampy,f87f7bee3363567132240caac62c8a3f8148a8fe,eventlet,gevent,wampy/testing/helpers.py,42:42,,sleep,sleep,sleep,sleep,sleep,sleep,function call,function call,function call,function call,function call,function call,one-to-one,one-to-one,one-to-one,argument addition,argument addition,argument addition,,,moha,ajay
M64,A64,noisyboiler/wampy,f87f7bee3363567132240caac62c8a3f8148a8fe,eventlet,gevent,wampy/transports/websocket/connection.py,12:12,,import eventlet,eventlet,,import gevent.monkey,gevent,,import,import,import,import,import,import,one-to-one,one-to-one,one-to-one,module name change,full statement replacement,,,,moha,ajay
M65,A65,noisyboiler/wampy,f87f7bee3363567132240caac62c8a3f8148a8fe,eventlet,gevent,wampy/transports/websocket/connection.py,72:72,,GreenletExit,GreenletExit,GreenletExit,GreenletExit,GreenletExit,GreenletExit,import,class object,,import,class object,,one-to-one,one-to-one,one-to-one,no properties,no properties,no properties,,,moha,ajay
M66,A66,noisyboiler/wampy,f87f7bee3363567132240caac62c8a3f8148a8fe,eventlet,gevent,wampy/transports/websocket/connection.py,153:153,,Timeout,Timeout,Timeout,Timeout,Timeout,Timeout,function call,function call,function call,function call,function call,function call,one-to-one,one-to-one,one-to-one,no properties,no properties,no properties,,,moha,ajay
M67,A67,noisyboiler/wampy,f87f7bee3363567132240caac62c8a3f8148a8fe,eventlet,gevent,wampy/transports/websocket/connection.py,155:155,,Timeout,Timeout,Timeout,Timeout,Timeout,Timeout,exception,exception,exception,exception,exception,exception,one-to-one,one-to-one,one-to-one,no properties,no properties,no properties,,,moha,ajay
M68,A68,noisyboiler/wampy,f87f7bee3363567132240caac62c8a3f8148a8fe,eventlet,gevent,wampy/transports/websocket/connection.py,211:211,,sleep,sleep,sleep,sleep,sleep,sleep,function call,function call,function call,function call,function call,function call,one-to-one,one-to-one,one-to-one,argument addition,argument addition,argument addition,,,moha,ajay
M69,A69,openstack/ironic,cbf214b5130e362f57dbe5da99f4cef1918d882d,cheetah3,jinja2,ironic/drivers/modules/pxe.py,21:25,,from Cheetah import Template,from Cheetah import Template,from Cheetah import Template,import jinja2,import jinja2,import jinja2,import,import,import,import,import,import,one-to-one,one-to-one,one-to-one,full statement replacement,full statement replacement,full statement replacement,,,moha,ajay
M71,A71,openstack/ironic,cbf214b5130e362f57dbe5da99f4cef1918d882d,cheetah3,jinja2,ironic/nova/tilera.py,55:25,,from Cheetah import Template,from Cheetah import Template,from Cheetah import Template,import jinja2,import jinja2,import jinja2,import,import,import,import,import,import,one-to-one,one-to-one,one-to-one,full statement replacement,full statement replacement,full statement replacement,,,moha,ajay
M72,A72,openstack/ironic,cbf214b5130e362f57dbe5da99f4cef1918d882d,cheetah3,jinja2,ironic/nova/tilera.py,restofthefile,,Template,Template.Template,,FileSystemLoader;get_template;render;Environment,get_template;render;Environment,,function call,function call,function call,function call,function call,function call,one-to-many,one-to-many,one-to-many,type cast,argument transformation,,misc properties,,moha,ajay
M73,A73,shingetsu/saku,d1ad50a9baedf58b37fd8527c09d9b0668d59013,cheetah3,jinja2,shingetsu/template.py,34:32,,import Cheetah.Template,Cheetah.Template,,import jinja2,jinja2,,import,import,import,import,import,import,one-to-one,one-to-one,one-to-one,module name change,full statement replacement,,,,moha,ajay
M77,A75,whoopinc/mkwheelhouse,54806ffc8eddb19cb4b603a380a2f1126eaae84e,botocore,boto,mkwheelhouse.py,12:13-14,,import botocore.session,botocore.session,,"import boto
import boto.s3.connection",boto.s3.connection;boto,,import,import,import,import,import,import,one-to-many,one-to-many,one-to-many,full statement replacement,full statement replacement,full statement replacement,,,moha,ajay
M81,A79,zalando/spilo,a83681c756fe8dfc8e5117c690bde16319e3e943,botocore,boto,postgres-appliance/callback_aws.py,9:3-4,,from botocore.exceptions import ClientError,from botocore.exceptions import ClientError;import boto3,,"import boto.ec2
import boto.utils",import boto.utils;import boto.ec2,,import,import,import,import,import,import,one-to-many,many-to-many,,full statement replacement,full statement replacement,full statement replacement,,"MR code: 3,9:3-4",moha,ajay
M82,A80,zalando/spilo,a83681c756fe8dfc8e5117c690bde16319e3e943,botocore,boto,postgres-appliance/callback_aws.py,22:18,,ClientError,ClientError,ClientError,BotoServerError,BotoServerError,BotoServerError,exception,exception,exception,exception,exception,exception,one-to-one,one-to-one,one-to-one,element name change,element name change,element name change,,,moha,ajay
M85,S1,openstack/wsme,002473c0eaff5bde539e6f6980c387d3817f7063,ipaddr,netaddr,wsme/types.py,15:6,,import ipaddr as ipaddress,ipaddr,,import netaddr,netaddr,,import,import,import,import,import,import,one-to-one,one-to-one,one-to-one,full statement replacement,full statement replacement,full statement replacement,,,moha,sarah
M86,S2,openstack/wsme,002473c0eaff5bde539e6f6980c387d3817f7063,ipaddr,netaddr,wsme/types.py,237:233,,IPv4Address,IPv4Address,IPv4Address,IPAddress,IPAddress,IPAddress,function call,function call,function call,function call,function call,function call,one-to-one,one-to-one,one-to-one,argument addition;element name change,argument addition;element name change,argument addition;element name change,,,moha,sarah
M87,S3,openstack/wsme,002473c0eaff5bde539e6f6980c387d3817f7063,ipaddr,netaddr,wsme/types.py,238:234,,AddressValueError,AddressValueError,AddressValueError,AddrFormatError,AddrFormatError,AddrFormatError,exception,exception,exception,exception,exception,exception,one-to-one,one-to-one,one-to-one,element name change,element name change,element name change,,,moha,sarah
M88,S4,openstack/wsme,002473c0eaff5bde539e6f6980c387d3817f7063,ipaddr,netaddr,wsme/types.py,257:253,,IPv6Address,IPv4Address,,IPAddress,IPAddress,IPAddress,function call,function call,function call,function call,function call,function call,one-to-one,one-to-one,one-to-one,argument addition;element name change,argument addition,,,,moha,sarah
M89,S5,openstack/wsme,002473c0eaff5bde539e6f6980c387d3817f7063,ipaddr,netaddr,wsme/types.py,258:254,,AddressValueError,AddressValueError,AddressValueError,AddrFormatError,AddrFormatError,AddrFormatError,exception,exception,exception,exception,exception,exception,one-to-one,one-to-one,one-to-one,element name change,element name change,element name change,,,moha,sarah
M93,S8,czheo/syntax_sugar_python,1dbc1d44855acd57f280cca03878681e8dc26b03,multiprocessing,multiprocess,syntax_sugar/pipe.py,86:91,,Pool,Pool,Pool,ThreadPool,ThreadPool,ThreadPool,function call,function call,function call,function call,function call,function call,one-to-one,one-to-one,one-to-one,element name change,element name change,element name change,,,moha,sarah
M95,S10,radremedy/radremedy,8fa9b7fd7ce51c4b478ebb344d3c71ceb54b24bd,csv,unicodecsv,remedy/data_importer/data_importer.py,8:8,,csv,csv,csv,unicodecsv,unicodecsv,unicodecsv,import,import,import,import,import,import,one-to-one,one-to-one,one-to-one,module name change,module name change,module name change,,,moha,sarah
M96,S11,radremedy/radremedy,8fa9b7fd7ce51c4b478ebb344d3c71ceb54b24bd,csv,unicodecsv,remedy/data_importer/data_importer.py,19:27,,reader,reader,reader,reader,reader,reader,function call,function call,function call,function call,function call,function call,one-to-one,one-to-one,one-to-one,no properties,no properties,no properties,,,moha,sarah
M97,S12,radremedy/radremedy,8fa9b7fd7ce51c4b478ebb344d3c71ceb54b24bd,csv,unicodecsv,remedy/data_importer/data_importer.py,31:45,,DictReader,DictReader,DictReader,DictReader,DictReader,DictReader,function call,function call,function call,function call,function call,function call,one-to-one,one-to-one,one-to-one,no properties,no properties,no properties,,,moha,sarah
M98,S13,ckan/ckanext-datapackager,a6a3fb3aaa48790365430740686de2019ff0076a,csv,unicodecsv,ckanext/datapackager/lib/helpers.py,4:4,,csv,csv,csv,unicodecsv,unicodecsv,unicodecsv,import,import,import,import,import,import,one-to-one,one-to-one,one-to-one,module name change,module name change,module name change,,,moha,sarah
M99,S14,ckan/ckanext-datapackager,a6a3fb3aaa48790365430740686de2019ff0076a,csv,unicodecsv,ckanext/datapackager/lib/helpers.py,73:73,,Sniffer,Sniffer,Sniffer,Sniffer,Sniffer,Sniffer,function call,function call,function call,function call,function call,function call,one-to-one,one-to-one,one-to-one,no properties,no properties,no properties,,,moha,sarah
M100,S15,ckan/ckanext-datapackager,a6a3fb3aaa48790365430740686de2019ff0076a,csv,unicodecsv,ckanext/datapackager/lib/helpers.py,75:75,,reader,reader,reader,reader,reader,reader,function call,function call,function call,function call,function call,function call,one-to-one,one-to-one,one-to-one,no properties,no properties,no properties,,,moha,sarah
M101,S16,ckan/ckanext-datapackager,a6a3fb3aaa48790365430740686de2019ff0076a,csv,unicodecsv,ckanext/datapackager/lib/helpers.py,79:79,,Error,Error,Error,Error,Error,Error,exception,exception,exception,exception,exception,exception,one-to-one,one-to-one,one-to-one,no properties,no properties,no properties,,,moha,sarah
M102,S17,fedora-infra/python-fedora,aca2a20a5c1a889eed655f36ef1bf28dd32c3145,bunch,munch,fedora/client/__init_.py,33:33,,from bunch import Bunch,Bunch,,from munch import Munch,Munch,,import,import,import,import,import,import,one-to-one,one-to-one,one-to-one,object name change;module name change,full statement replacement,,,,moha,sarah
M103,S18,fedora-infra/python-fedora,aca2a20a5c1a889eed655f36ef1bf28dd32c3145,bunch,munch,fedora/client/__init_.py,111:111,,Bunch,Bunch,Bunch,Munch,Munch,Munch,class,class object,,class,class object,,one-to-one,one-to-one,one-to-one,element name change,no properties,,,,moha,sarah
M104,S19,fedora-infra/python-fedora,aca2a20a5c1a889eed655f36ef1bf28dd32c3145,bunch,munch,fedora/client/__init_.py,116:116,,Bunch,__init__,,Munch,__init__,,class,function call,,class,function call,,one-to-one,one-to-one,one-to-one,element name change,no properties,,,,moha,sarah
M105,S20,fedora-infra/python-fedora,aca2a20a5c1a889eed655f36ef1bf28dd32c3145,bunch,munch,fedora/client/fas2.py,31:31,,from bunch import Bunch,Bunch,,from munch import Munch,Munch,,import,import,import,import,import,import,one-to-one,one-to-one,one-to-one,object name change;module name change,full statement replacement,,,,moha,sarah
M106,S21,fedora-infra/python-fedora,aca2a20a5c1a889eed655f36ef1bf28dd32c3145,bunch,munch,fedora/client/fas2.py,403:403,,Bunch,Bunch,Bunch,Munch,Munch,Munch,function call,function call,function call,function call,function call,function call,one-to-one,one-to-one,one-to-one,element name change,no properties,,,,moha,sarah
M107,S22,fedora-infra/python-fedora,aca2a20a5c1a889eed655f36ef1bf28dd32c3145,bunch,munch,fedora/client/fas2.py,702:702,,Bunch,Bunch,Bunch,Munch,Munch,Munch,function call,function call,function call,function call,function call,function call,one-to-one,one-to-one,one-to-one,element name change,no properties,,,,moha,sarah
M108,S23,fedora-infra/python-fedora,aca2a20a5c1a889eed655f36ef1bf28dd32c3145,bunch,munch,fedora/client/fas2.py,741:741,,Bunch,Bunch,Bunch,Munch,Munch,Munch,function call,function call,function call,function call,function call,function call,one-to-one,one-to-one,one-to-one,element name change,no properties,,,,moha,sarah
M109,S24,fedora-infra/python-fedora,aca2a20a5c1a889eed655f36ef1bf28dd32c3145,bunch,munch,fedora/tg2/utils.py,39:39,,from bunch import Bunch,Bunch,,from munch import Munch,Munch,,import,import,import,import,import,import,one-to-one,one-to-one,one-to-one,object name change;module name change,full statement replacement,,,,moha,sarah
M110,S25,fedora-infra/python-fedora,aca2a20a5c1a889eed655f36ef1bf28dd32c3145,bunch,munch,fedora/tg2/utils.py,160:160,,from bunch import Bunch,Bunch,,from munch import Munch,Munch,,import,import,import,import,import,import,one-to-one,one-to-one,one-to-one,object name change;module name change,full statement replacement,,,,moha,sarah
M111,S26,fedora-infra/python-fedora,aca2a20a5c1a889eed655f36ef1bf28dd32c3145,bunch,munch,fedora/tg2/utils.py,162:162,,Bunch,Bunch,Bunch,Munch,Munch,Munch,function call,function call,function call,function call,function call,function call,one-to-one,one-to-one,one-to-one,element name change,no properties,,,,moha,sarah
M112,S27,fedora-infra/python-fedora,aca2a20a5c1a889eed655f36ef1bf28dd32c3145,bunch,munch,fedora/tg2/utils.py,177:177,,Bunch,Bunch,Bunch,Munch,Munch,Munch,function call,function call,function call,function call,function call,function call,one-to-one,one-to-one,one-to-one,element name change,no properties,,,,moha,sarah
M113,S28,fedora-infra/python-fedora,aca2a20a5c1a889eed655f36ef1bf28dd32c3145,bunch,munch,fedora/wsgi/csrf.py,34:34,,from bunch import Bunch,Bunch,,from munch import Munch,Munch,,import,import,import,import,import,import,one-to-one,one-to-one,one-to-one,object name change;module name change,full statement replacement,,,,moha,sarah
M114,S29,fedora-infra/python-fedora,aca2a20a5c1a889eed655f36ef1bf28dd32c3145,bunch,munch,fedora/wsgi/csrf.py,150:150,,Bunch,Bunch,Bunch,Munch,Munch,Munch,function call,function call,function call,function call,function call,function call,one-to-one,one-to-one,one-to-one,element name change,no properties,,,,moha,sarah
M115,S30,fedora-infra/python-fedora,aca2a20a5c1a889eed655f36ef1bf28dd32c3145,bunch,munch,fedora/wsgi/faswho/faswhoplugin.py,40:40,,from bunch import Bunch,Bunch,,from munch import Munch,Munch,,import,import,import,import,import,import,one-to-one,one-to-one,one-to-one,object name change;module name change,full statement replacement,,,,moha,sarah
M116,S31,fedora-infra/python-fedora,aca2a20a5c1a889eed655f36ef1bf28dd32c3145,bunch,munch,fedora/wsgi/faswho/faswhoplugin.py,231:231,,Bunch,Bunch,Bunch,Munch,Munch,Munch,function call,function call,function call,function call,function call,function call,one-to-one,one-to-one,one-to-one,element name change,no properties,,,,moha,sarah
M117,S32,fedora-infra/python-fedora,aca2a20a5c1a889eed655f36ef1bf28dd32c3145,bunch,munch,fedora/wsgi/faswho/faswhoplugin.py,397:397,,Bunch,Bunch,Bunch,Munch,Munch,Munch,function call,function call,function call,function call,function call,function call,one-to-one,one-to-one,one-to-one,element name change,no properties,,,,moha,sarah
M118,S33,fedora-infra/python-fedora,aca2a20a5c1a889eed655f36ef1bf28dd32c3145,bunch,munch,flask_fas_openid.py,31:31,,from bunch import Bunch,Bunch,,from munch import Munch,Munch,,import,import,import,import,import,import,one-to-one,one-to-one,one-to-one,object name change;module name change,full statement replacement,,,,moha,sarah
M119,S34,fedora-infra/python-fedora,aca2a20a5c1a889eed655f36ef1bf28dd32c3145,bunch,munch,flask_fas_openid.py,179:179,,fromDict,fromDict,fromDict,fromDict,fromDict,fromDict,function call,function call,function call,function call,function call,function call,one-to-one,one-to-one,one-to-one,no properties,no properties,no properties,,,moha,sarah
M120,S35,fedora-infra/python-fedora,aca2a20a5c1a889eed655f36ef1bf28dd32c3145,bunch,munch,flask_fas_openid.py,180:180,,fromDict,fromDict,fromDict,fromDict,fromDict,fromDict,function call,function call,function call,function call,function call,function call,one-to-one,one-to-one,one-to-one,no properties,no properties,no properties,,,moha,sarah
M121,S36,1and1/confluencer,df895ac8e75c13e32e2369bc4d9c88aa036ab9d4,bunch,munch,src/confluencer/__main__.py,24:24,,from bunch import Bunch,Bunch,,from munch import Munch as Bunch,Munch,,import,import,import,import,import,import,one-to-one,one-to-one,one-to-one,alias addition;object name change;module name change,full statement replacement,,,it's interesting how they avoided other api replacements by naming it Bunch,moha,sarah
M122,S37,1and1/confluencer,df895ac8e75c13e32e2369bc4d9c88aa036ab9d4,bunch,munch,src/confluencer/commands/stats.py,23:23,,from bunch import Bunch,Bunch,,from munch import Munch as Bunch,Munch,,import,import,import,import,import,import,one-to-one,one-to-one,one-to-one,alias addition;object name change;module name change,full statement replacement,,,,moha,sarah
M123,S38,1and1/confluencer,df895ac8e75c13e32e2369bc4d9c88aa036ab9d4,bunch,munch,src/confluencer/tools/content.py,29:29,,from bunch import bunchify,Bunch,,from munch import munchify as bunchify,Munch,,import,import,import,import,import,import,one-to-one,one-to-one,one-to-one,alias addition;object name change;module name change,full statement replacement,,,,moha,sarah
M126,S42,itzkvn/python-http-monitoring,790a4830785a2dd03686c57f5ec70a4bb1a41f22,aiohttp,httpx,app/targets.py,10-11:9-10,,"from aiohttp import ClientSession
from aiohttp.client_exceptions import ClientConnectorError",ClientConnectorError;ClientSession,,"import httpx
from httpx import ConnectTimeout, ConnectError",ConnectErrror;ConnectTimeout;httpx,,import,import,import,import,import,import,many-to-many,many-to-many,many-to-many,full statement replacement,full statement replacement,full statement replacement,,,moha,sarah
M128,S44,itzkvn/python-http-monitoring,790a4830785a2dd03686c57f5ec70a4bb1a41f22,aiohttp,httpx,app/targets.py,56:56,,status,status,status,status_code,status_code,status_code,attribute access,attribute access,attribute access,attribute access,attribute access,attribute access,one-to-one,one-to-one,one-to-one,element name change,element name change,element name change,,,moha,sarah
M129,S45,itzkvn/python-http-monitoring,790a4830785a2dd03686c57f5ec70a4bb1a41f22,aiohttp,httpx,app/targets.py,57:57,,ClientConnectorError,ClientConnectError,,ConnectError,ConnectError,ConnectError,exception,exception,exception,exception,exception,exception,one-to-one,one-to-one,one-to-one,element name change,element name change,element name change,,,moha,sarah
M130,S46,itzkvn/python-http-monitoring,790a4830785a2dd03686c57f5ec70a4bb1a41f22,aiohttp,httpx,app/targets.py,60:60,,TimeoutError,asyncio.TimeoutError,,ConnectTimeout,ConnectError,,exception,exception,exception,exception,exception,exception,one-to-one,one-to-one,one-to-one,element name change,element name change,element name change,this is part of another library. may be it is replacement of more than one libraries by one library?,,moha,sarah
M131,I1,logicaldash/lise,028d0b34a4dadc59b18c88fa3381967c23245e63,umsgpack,msgpack,LiSE/LiSE/engine.py,13:13,,import umsgpack,umsgpack,,import msgpack,msgpack,,import,import,import,import,import,import,one-to-one,one-to-one,one-to-one,module name change,module name change,module name change,,,moha,ildar
M132,I2,logicaldash/lise,028d0b34a4dadc59b18c88fa3381967c23245e63,umsgpack,msgpack,LiSE/LiSE/engine.py,184:184,,Ext,"Ext, packb",,ExtType,"ExtType, packb",,function call,"class object, function call",,function call,"class object, function call",,one-to-one,many-to-many,,element name change,"element name change, argument name change, argument addition, argument transformation",,,"two nested migrations -- thus, many-to-many? (this and the ones below)",moha,ildar
M134,I3,logicaldash/lise,028d0b34a4dadc59b18c88fa3381967c23245e63,umsgpack,msgpack,LiSE/LiSE/engine.py,187-189:187-189,,Ext,"Ext, packb",,ExtType,"ExtType, packb",,function call,"class object, function call",,function call,"class object, function call",,one-to-one,many-to-many,,element name change,"element name change, argument name change, argument addition, argument transformation",,,,moha,ildar
M136,I4,logicaldash/lise,028d0b34a4dadc59b18c88fa3381967c23245e63,umsgpack,msgpack,LiSE/LiSE/engine.py,192-194:192-194,,Ext,"Ext, packb",,ExtType,"ExtType, packb",,function call,"class object, function call",,function call,"class object, function call",,one-to-one,many-to-many,,element name change,"element name change, argument name change, argument addition, argument transformation",,,,moha,ildar
M138,I5,logicaldash/lise,028d0b34a4dadc59b18c88fa3381967c23245e63,umsgpack,msgpack,LiSE/LiSE/engine.py,197-199:197-199,,Ext,"Ext, packb",,ExtType,"ExtType, packb",,function call,"class object, function call",,function call,"class object, function call",,one-to-one,many-to-many,,element name change,"element name change, argument name change, argument addition, argument transformation",,,,moha,ildar
M140,I6,logicaldash/lise,028d0b34a4dadc59b18c88fa3381967c23245e63,umsgpack,msgpack,LiSE/LiSE/engine.py,202:202,,Ext,"Ext, packb",,ExtType,"ExtType, packb",,function call,"class object, function call",,function call,"class object, function call",,one-to-one,many-to-many,,element name change,"element name change, argument name change, argument addition, argument transformation",,,,moha,ildar
M142,I7,logicaldash/lise,028d0b34a4dadc59b18c88fa3381967c23245e63,umsgpack,msgpack,LiSE/LiSE/engine.py,205:205,,Ext,"Ext, packb",,ExtType,"ExtType, packb",,function call,"class object, function call",,function call,"class object, function call",,one-to-one,many-to-many,,element name change,"element name change, argument name change, argument addition, argument transformation",,,,moha,ildar
M144,I8,logicaldash/lise,028d0b34a4dadc59b18c88fa3381967c23245e63,umsgpack,msgpack,LiSE/LiSE/engine.py,208:208,,Ext,"Ext, packb",,ExtType,"ExtType, packb",,function call,"class object, function call",,function call,"class object, function call",,one-to-one,many-to-many,,element name change,"element name change, argument name change, argument addition, argument transformation",,,,moha,ildar
M146,I9,logicaldash/lise,028d0b34a4dadc59b18c88fa3381967c23245e63,umsgpack,msgpack,LiSE/LiSE/engine.py,211-213:211-213,,Ext,"Ext, packb",,ExtType,"ExtType, packb",,function call,"class object, function call",,function call,"class object, function call",,one-to-one,many-to-many,,element name change,"element name change, argument name change, argument addition, argument transformation",,,,moha,ildar
M148,I10,logicaldash/lise,028d0b34a4dadc59b18c88fa3381967c23245e63,umsgpack,msgpack,LiSE/LiSE/engine.py,216-222:216-222,,Ext,"Ext, packb",,ExtType,"ExtType, packb",,function call,"class object, function call",,function call,"class object, function call",,one-to-one,many-to-many,,element name change,"element name change, argument name change, argument addition, argument transformation",,,,moha,ildar
M152,I12,logicaldash/lise,028d0b34a4dadc59b18c88fa3381967c23245e63,umsgpack,msgpack,LiSE/LiSE/engine.py,228:228,,unpackb,unpackb,unpackb,unpackb,unpackb,unpackb,function call,function call,function call,function call,function call,function call,one-to-one,one-to-one,one-to-one,argument addition;argument name change;argument transformation,"argument name change, argument addition, argument transformation",,,,moha,ildar
M153,I13,logicaldash/lise,028d0b34a4dadc59b18c88fa3381967c23245e63,umsgpack,msgpack,LiSE/LiSE/engine.py,237:237,,unpackb,unpackb,unpackb,unpackb,unpackb,unpackb,function call,function call,function call,function call,function call,function call,one-to-one,one-to-one,one-to-one,argument addition;argument name change;argument transformation,"argument name change, argument addition, argument transformation",,,,moha,ildar
M154,I14,logicaldash/lise,028d0b34a4dadc59b18c88fa3381967c23245e63,umsgpack,msgpack,LiSE/LiSE/engine.py,252:252,,unpackb,unpackb,unpackb,unpackb,unpackb,unpackb,function call,function call,function call,function call,function call,function call,one-to-one,one-to-one,one-to-one,argument addition;argument name change;argument transformation,"argument name change, argument addition, argument transformation",,,,moha,ildar
M155,I15,logicaldash/lise,028d0b34a4dadc59b18c88fa3381967c23245e63,umsgpack,msgpack,LiSE/LiSE/engine.py,267:267,,unpackb,unpackb,unpackb,unpackb,unpackb,unpackb,function call,function call,function call,function call,function call,function call,one-to-one,one-to-one,one-to-one,argument addition;argument name change;argument transformation,"argument name change, argument addition, argument transformation",,,,moha,ildar
M156,I16,logicaldash/lise,028d0b34a4dadc59b18c88fa3381967c23245e63,umsgpack,msgpack,LiSE/LiSE/engine.py,282:282,,unpackb,unpackb,unpackb,unpackb,unpackb,unpackb,function call,function call,function call,function call,function call,function call,one-to-one,one-to-one,one-to-one,argument addition;argument transformation,"argument transformation, argument addition",,,,moha,ildar
M157,I17,logicaldash/lise,028d0b34a4dadc59b18c88fa3381967c23245e63,umsgpack,msgpack,LiSE/LiSE/engine.py,285:285,,unpackb,unpackb,unpackb,unpackb,unpackb,unpackb,function call,function call,function call,function call,function call,function call,one-to-one,one-to-one,one-to-one,argument addition;argument transformation,"argument transformation, argument addition",,,,moha,ildar
M158,I18,logicaldash/lise,028d0b34a4dadc59b18c88fa3381967c23245e63,umsgpack,msgpack,LiSE/LiSE/engine.py,288:288,,unpackb,unpackb,unpackb,unpackb,unpackb,unpackb,function call,function call,function call,function call,function call,function call,one-to-one,one-to-one,one-to-one,argument addition;argument transformation,"argument transformation, argument addition",,,,moha,ildar
M159,I19,logicaldash/lise,028d0b34a4dadc59b18c88fa3381967c23245e63,umsgpack,msgpack,LiSE/LiSE/engine.py,291:291,,unpackb,unpackb,unpackb,unpackb,unpackb,unpackb,function call,function call,function call,function call,function call,function call,one-to-one,one-to-one,one-to-one,argument addition;argument transformation,"argument transformation, argument addition",,,,moha,ildar
M160,I20,logicaldash/lise,028d0b34a4dadc59b18c88fa3381967c23245e63,umsgpack,msgpack,LiSE/LiSE/engine.py,294:294,,unpackb,unpackb,unpackb,unpackb,unpackb,unpackb,function call,function call,function call,function call,function call,function call,one-to-one,one-to-one,one-to-one,argument addition;argument transformation,"argument transformation, argument addition",,,,moha,ildar
M161,I21,logicaldash/lise,028d0b34a4dadc59b18c88fa3381967c23245e63,umsgpack,msgpack,LiSE/LiSE/engine.py,297:297,,unpackb,unpackb,unpackb,unpackb,unpackb,unpackb,function call,function call,function call,function call,function call,function call,one-to-one,one-to-one,one-to-one,argument addition;argument name change;argument transformation,"argument name change, argument addition, argument transformation",,,,moha,ildar
M162,I22,logicaldash/lise,028d0b34a4dadc59b18c88fa3381967c23245e63,umsgpack,msgpack,LiSE/LiSE/engine.py,300:300,,unpackb,unpackb,unpackb,unpackb,unpackb,unpackb,function call,function call,function call,function call,function call,function call,one-to-one,one-to-one,one-to-one,argument addition;argument name change;argument transformation,"argument name change, argument addition, argument transformation",,,,moha,ildar
M163,I23,logicaldash/lise,028d0b34a4dadc59b18c88fa3381967c23245e63,umsgpack,msgpack,LiSE/LiSE/engine.py,303:303,,unpackb,unpackb,unpackb,unpackb,unpackb,unpackb,function call,function call,function call,function call,function call,function call,one-to-one,one-to-one,one-to-one,argument addition;argument name change;argument transformation,"argument name change, argument addition, argument transformation",,,,moha,ildar
M164,I24,logicaldash/lise,028d0b34a4dadc59b18c88fa3381967c23245e63,umsgpack,msgpack,LiSE/LiSE/engine.py,350:350,,unpackb,unpackb,unpackb,unpackb,unpackb,unpackb,function call,function call,function call,function call,function call,function call,one-to-one,one-to-one,one-to-one,argument addition;argument name change;argument transformation,"argument name change, argument addition, argument transformation",,,,moha,ildar
M165,I25,logicaldash/lise,028d0b34a4dadc59b18c88fa3381967c23245e63,umsgpack,msgpack,LiSE/LiSE/engine.py,385:390,,Ext,Ext,Ext,ExtType,ExtType,ExtType,function call,class object,,function call,class object,,one-to-one,one-to-one,one-to-one,element name change,element name change,element name change,,,moha,ildar
M166,I26,logicaldash/lise,028d0b34a4dadc59b18c88fa3381967c23245e63,umsgpack,msgpack,LiSE/LiSE/engine.py,392:404,,packb,packb,packb,packb,packb,packb,function call,function call,function call,function call,function call,function call,one-to-one,one-to-one,one-to-one,argument addition;argument name change,"argument name change, argument addition, argument transformation",,,,moha,ildar
M167,I27,logicaldash/lise,028d0b34a4dadc59b18c88fa3381967c23245e63,umsgpack,msgpack,LiSE/LiSE/engine.py,395:407,,unpackb,unpackb,unpackb,unpackb,unpackb,unpackb,function call,function call,function call,function call,function call,function call,one-to-one,one-to-one,one-to-one,argument addition;argument name change,"argument name change, argument addition, argument transformation",,,,moha,ildar
M171,I32,clearmatics/ion,03fb3a3a307640d2fc0d4481cc3c529c8661b55c,argparse,click,ion/plasma/chain.py,132:135,,import argparse,argparse,,import click,click,,import,import,import,import,import,import,one-to-one,one-to-one,one-to-one,module name change,module name change,module name change,,,moha,ildar
M172,I33,clearmatics/ion,03fb3a3a307640d2fc0d4481cc3c529c8661b55c,argparse,click,ion/plasma/chain.py,299:,,ArgumentParser,ArgumentParser,ArgumentParser,,,,function call,class object,,,,,one-to-zero,one-to-zero,one-to-zero,no properties,,,,,moha,ildar
M173,I34,clearmatics/ion,03fb3a3a307640d2fc0d4481cc3c529c8661b55c,argparse,click,ion/plasma/chain.py,:298,,,,,command,command,command,,,,decorator,decorator,decorator,zero-to-one,zero-to-one,zero-to-one,no properties,,,,,moha,ildar
M174,I35,clearmatics/ion,03fb3a3a307640d2fc0d4481cc3c529c8661b55c,argparse,click,ion/plasma/chain.py,300-301:299,,add_argument,add_argument,add_argument,option,option,option,function call,function call,function call,decorator,decorator,decorator,one-to-one,one-to-one,one-to-one,argument deletion;argument name change;element name change;argument addition,"argument addition, argument deletion",,,,moha,ildar
M175,I36,clearmatics/ion,03fb3a3a307640d2fc0d4481cc3c529c8661b55c,argparse,click,ion/plasma/chain.py,302-303:300,,add_argument,add_argument,add_argument,option,option,option,function call,function call,function call,decorator,decorator,decorator,one-to-one,one-to-one,one-to-one,argument deletion;argument name change;element name change;argument addition,"argument addition, argument deletion",,,,moha,ildar
M176,I37,clearmatics/ion,03fb3a3a307640d2fc0d4481cc3c529c8661b55c,argparse,click,ion/plasma/chain.py,304-305:301,,add_argument,add_argument,add_argument,option,option,option,function call,function call,function call,decorator,decorator,decorator,one-to-one,one-to-one,one-to-one,argument deletion;argument name change;element name change;argument addition,"argument addition, argument deletion",,,,moha,ildar
M177,I38,clearmatics/ion,03fb3a3a307640d2fc0d4481cc3c529c8661b55c,argparse,click,ion/plasma/chain.py,306:302,,add_argument,add_argument,add_argument,option,"argument, Path",,function call,function call,function call,decorator,"decorator, class object",,one-to-one,one-to-many,,argument deletion;argument name change;element name change;argument addition,"argument addition, argument transformation",,,,moha,ildar
M178,I39,clearmatics/ion,03fb3a3a307640d2fc0d4481cc3c529c8661b55c,argparse,click,ion/plasma/chain.py,307:,,parse_args,parse_args,parse_args,,,,function call,function call,function call,,,,one-to-zero,one-to-zero,one-to-zero,no properties,,,,,moha,ildar
M180,I41,clearmatics/ion,03fb3a3a307640d2fc0d4481cc3c529c8661b55c,argparse,click,ion/plasma/payment.py,5:7,,argparse,argparse,argparse,click,click,click,import,import,import,import,import,import,one-to-one,one-to-one,one-to-one,module name change,module name change,module name change,,,moha,ildar
M181,I42,clearmatics/ion,03fb3a3a307640d2fc0d4481cc3c529c8661b55c,argparse,click,ion/plasma/payment.py,199:,,ArgumentParser,ArgumentParser,ArgumentParser,,,,function call,class object,,,,,one-to-zero,one-to-zero,one-to-zero,no properties,,,,,moha,ildar
M182,I43,clearmatics/ion,03fb3a3a307640d2fc0d4481cc3c529c8661b55c,argparse,click,ion/plasma/payment.py,:196,,,,,command,command,command,,,,decorator,decorator,decorator,zero-to-one,zero-to-one,zero-to-one,no properties,,,,,moha,ildar
M185,I46,clearmatics/ion,03fb3a3a307640d2fc0d4481cc3c529c8661b55c,argparse,click,ion/plasma/payment.py,204-205:197,,add_argument,add_argument,add_argument,option,option,option,function call,function call,function call,decorator,decorator,decorator,one-to-one,one-to-one,one-to-one,argument deletion;argument name change;element name change;argument addition,"argument addition, argument deletion",,,,moha,ildar
M187,I47,clearmatics/ion,03fb3a3a307640d2fc0d4481cc3c529c8661b55c,argparse,click,ion/plasma/payment.py,206-207:198,,add_argument,"add_argument, FileType",,option,"option, File",,function call,"function call, class object",,decorator,"decorator, class object",,one-to-one,many-to-many,,element name change;argument addition,"argument addition, argument deletion",,,,moha,ildar
M188,I48,clearmatics/ion,03fb3a3a307640d2fc0d4481cc3c529c8661b55c,argparse,click,ion/plasma/payment.py,209-210:200,,add_argument,add_argument,add_argument,option,option,option,function call,function call,function call,decorator,decorator,decorator,one-to-one,one-to-one,one-to-one,argument name change;argument name deletion;element name change;argument addition,"argument addition, argument deletion",,,,moha,ildar
M189,I49,clearmatics/ion,03fb3a3a307640d2fc0d4481cc3c529c8661b55c,argparse,click,ion/plasma/payment.py,211-212:201,,add_argument,add_argument,add_argument,option,option,option,function call,function call,function call,decorator,decorator,decorator,one-to-one,one-to-one,one-to-one,argument addition;argument name change;element name change;argument deletion,"argument addition, argument deletion",,,,moha,ildar
M190,I50,clearmatics/ion,03fb3a3a307640d2fc0d4481cc3c529c8661b55c,argparse,click,ion/plasma/payment.py,213-214:202,,add_argument,add_argument,add_argument,option,option,option,function call,function call,function call,decorator,decorator,decorator,one-to-one,one-to-one,one-to-one,argument addition;argument name change;element name change;argument deletion,"argument addition, argument deletion",,,,moha,ildar
M191,I51,clearmatics/ion,03fb3a3a307640d2fc0d4481cc3c529c8661b55c,argparse,click,ion/plasma/payment.py,215-216:203,,add_argument,add_argument,add_argument,option,option,option,function call,function call,function call,decorator,decorator,decorator,one-to-one,one-to-one,one-to-one,argument addition;argument name change;element name change;argument deletion,"argument addition, argument deletion",,,,moha,ildar
M192,I52,clearmatics/ion,03fb3a3a307640d2fc0d4481cc3c529c8661b55c,argparse,click,ion/plasma/payment.py,218-219:204,,add_argument,add_argument,add_argument,option,option,option,function call,function call,function call,decorator,decorator,decorator,one-to-one,one-to-one,one-to-one,argument addition;argument name change;element name change;argument deletion,"argument addition, argument deletion",,,,moha,ildar
M194,I55,clearmatics/ion,03fb3a3a307640d2fc0d4481cc3c529c8661b55c,argparse,click,ion/plasma/payment.py,227:,,parse_args,parse_args,parse_args,,,,function call,function call,function call,,,,one-to-zero,one-to-zero,one-to-zero,no properties,,,,,moha,ildar
M196,I57,clearmatics/ion,03fb3a3a307640d2fc0d4481cc3c529c8661b55c,argparse,click,ion/rpc/client.py,3:4,,argparse,argparse,argparse,click,click,click,import,import,import,import,import,import,one-to-one,one-to-one,one-to-one,module name change,module name change,module name change,,,moha,ildar
M197,I58,clearmatics/ion,03fb3a3a307640d2fc0d4481cc3c529c8661b55c,argparse,click,ion/rpc/client.py,222:,,ArgumentParser,ArgumentParser,ArgumentParser,,,,function call,class object,,,,,one-to-zero,one-to-zero,one-to-zero,no properties,,,,,moha,ildar
M198,I59,clearmatics/ion,03fb3a3a307640d2fc0d4481cc3c529c8661b55c,argparse,click,ion/rpc/client.py,:222,,,,,command,command,command,,,,decorator,decorator,decorator,zero-to-one,zero-to-one,zero-to-one,no properties,,,,,moha,ildar
M199,I60,clearmatics/ion,03fb3a3a307640d2fc0d4481cc3c529c8661b55c,argparse,click,ion/rpc/client.py,223-224:223,,add_argument,add_argument,add_argument,option,option,option,function call,function call,function call,decorator,decorator,decorator,one-to-one,one-to-one,one-to-one,argument addition;element name change;argument deletion,"argument addition, argument deletion",,,,moha,ildar
M201,I62,clearmatics/ion,03fb3a3a307640d2fc0d4481cc3c529c8661b55c,argparse,click,ion/rpc/client.py,226-227:224,,add_argument,add_argument,add_argument,option,option,option,function call,function call,function call,decorator,decorator,decorator,one-to-one,one-to-one,one-to-one,argument addition;element name change;argument deletion,"argument addition, argument deletion",,,,moha,ildar
M202,I63,clearmatics/ion,03fb3a3a307640d2fc0d4481cc3c529c8661b55c,argparse,click,ion/rpc/client.py,228:225,,add_argument,add_argument,add_argument,option,argument,,function call,function call,function call,decorator,decorator,decorator,one-to-one,one-to-one,one-to-one,argument addition;element name change;argument deletion,"argument addition, argument deletion",,,,moha,ildar
M203,I64,clearmatics/ion,03fb3a3a307640d2fc0d4481cc3c529c8661b55c,argparse,click,ion/rpc/client.py,229:,,parse_args,parse_args,parse_args,,,,function call,function call,function call,,,,one-to-zero,one-to-zero,one-to-zero,no properties,,,,,moha,ildar
M205,I66,clearmatics/ion,03fb3a3a307640d2fc0d4481cc3c529c8661b55c,argparse,click,ion/rpc/server.py,8:7,,argparse,argparse,argparse,click,click,click,function call,import,,decorator,import,,one-to-one,one-to-one,one-to-one,module name change,module name change,module name change,,,moha,ildar
M206,I67,clearmatics/ion,03fb3a3a307640d2fc0d4481cc3c529c8661b55c,argparse,click,ion/rpc/server.py,123:,,ArgumentParser,ArgumentParser,ArgumentParser,,,,function call,class object,,,,,one-to-zero,one-to-zero,one-to-zero,no properties,,,,,moha,ildar
M207,I68,clearmatics/ion,03fb3a3a307640d2fc0d4481cc3c529c8661b55c,argparse,click,ion/rpc/server.py,:118,,,,,command,command,command,,,,decorator,decorator,decorator,zero-to-one,zero-to-one,zero-to-one,no properties,,,,,moha,ildar
M208,I69,clearmatics/ion,03fb3a3a307640d2fc0d4481cc3c529c8661b55c,argparse,click,ion/rpc/server.py,127-128:119,,add_argument,add_argument,add_argument,option,option,option,function call,function call,function call,decorator,decorator,decorator,one-to-one,one-to-one,one-to-one,argument name change;element name change;argument deletion,"argument addition, argument deletion",,,,moha,ildar
M209,I70,clearmatics/ion,03fb3a3a307640d2fc0d4481cc3c529c8661b55c,argparse,click,ion/rpc/server.py,129-130:120,,add_argument,add_argument,add_argument,option,option,option,function call,function call,function call,decorator,decorator,decorator,one-to-one,one-to-one,one-to-one,element name change;argument deletion,"argument deletion, argument transformation",,,,moha,ildar
M210,I71,clearmatics/ion,03fb3a3a307640d2fc0d4481cc3c529c8661b55c,argparse,click,ion/rpc/server.py,131-132:121,,add_argument,add_argument,add_argument,option,option,option,function call,function call,function call,decorator,decorator,decorator,one-to-one,one-to-one,one-to-one,element name change;argument deletion,"argument deletion, argument transformation",,,,moha,ildar
M211,I72,clearmatics/ion,03fb3a3a307640d2fc0d4481cc3c529c8661b55c,argparse,click,ion/rpc/server.py,134-135:123,,add_argument,add_argument,add_argument,option,option,option,function call,function call,function call,decorator,decorator,decorator,one-to-one,one-to-one,one-to-one,element name change;argument deletion,argument deletion,,,,moha,ildar
M212,I73,clearmatics/ion,03fb3a3a307640d2fc0d4481cc3c529c8661b55c,argparse,click,ion/rpc/server.py,136-137:122,,add_argument,add_argument,add_argument,option,option,option,function call,function call,function call,decorator,decorator,decorator,one-to-one,one-to-one,one-to-one,element name change;argument deletion,argument deletion,,,,moha,ildar
M213,I74,clearmatics/ion,03fb3a3a307640d2fc0d4481cc3c529c8661b55c,argparse,click,ion/rpc/server.py,139:,,parse_args,parse_args,parse_args,,,,function call,function call,function call,,,,one-to-zero,one-to-zero,one-to-zero,no properties,,,,,moha,ildar
M215,I76,onitu/onitu,04575c8dab8d632acc40fc30fd42046cdfca36db,watchdog,pyinotify,onitu/drivers/local_storage/local_storage.py,4-5:3,,"from watchdog.observers import Observer
from watchdog.events import FileSystemEventHandler","watchdog.observers.Observer, watchdog.events.FileSystemEventHandler",,import pyinotify,pyinotify,,import,import,import,import,import,import,many-to-one,many-to-one,many-to-one,full statement replacement,module name change,,,,moha,ildar
M218,I78,sk-415/harukabot,0611d16a4cdc3f472b2c5fb265b8728e9a505d74,aiohttp,httpx,src/plugins/haruka_bot/login.py,1:6,,aiohttp,aiohttp,aiohttp,httpx,httpx,httpx,import,import,import,import,import,import,one-to-one,one-to-one,one-to-one,module name change,module name change,module name change,,,moha,ildar
M223,I81,sk-415/harukabot,0611d16a4cdc3f472b2c5fb265b8728e9a505d74,aiohttp,httpx,src/plugins/haruka_bot/utils.py,11:11,,aiohttp,aiohttp,aiohttp,httpx,httpx,httpx,import,import,import,import,import,import,one-to-one,one-to-one,one-to-one,module name change,module name change,module name change,,,moha,ildar
M230,I87,landlab/landlab,06a0c634b3f52abc4812dda109230cedcdcf57fd,netcdf4,xarray,landlab/io/netcdf/read.py,13:12,,import netCDF4 as nc4,netCDF4,,import xarray as xr,xarray,,import,import,import,import,import,import,one-to-one,one-to-one,one-to-one,alias name change;module name change,module name change,,,,moha,ildar
M231,I88,landlab/landlab,06a0c634b3f52abc4812dda109230cedcdcf57fd,netcdf4,xarray,landlab/io/netcdf/read.py,340:328,,Dataset,Dataset,Dataset,open_dataset,open_dataset,open_dataset,function call,class object,,function call,function call,function call,one-to-one,one-to-one,one-to-one,argument deletion;element name change,argument addition,,,,moha,ildar
M232,I89,landlab/landlab,06a0c634b3f52abc4812dda109230cedcdcf57fd,netcdf4,xarray,landlab/io/netcdf/write.py,26:14,,import netCDF4 as nc4,netCDF4,,import xarray as xr,xarray,,import,import,import,import,import,import,one-to-one,one-to-one,one-to-one,alias name change;module name change,module name change,,,,moha,ildar
M233,I91,wkentaro/fcn,399069ac568af1d295a5ac2d3b61b531af998898,progressbar,tqdm,scripts/fcn_train.py,13:13,,import progressbar,progressbar,,import tqdm,tqdm,,import,import,import,import,import,import,one-to-one,one-to-one,one-to-one,module name change,module name change,module name change,,,moha,ildar
M41,-,noisyboiler/wampy,f87f7bee3363567132240caac62c8a3f8148a8fe,eventlet,gevent,test/helpers.py,19:19,,sleep,,,sleep,,,function call,,,function call,,,one-to-one,,,no properties,,,,,moha,
M42,-,noisyboiler/wampy,f87f7bee3363567132240caac62c8a3f8148a8fe,eventlet,gevent,test/helpers.py,22:22,not MR,,,,,,,,,,,,,,,,,,,,,moha,
M43,-,noisyboiler/wampy,f87f7bee3363567132240caac62c8a3f8148a8fe,eventlet,gevent,test/helpers.py,27:27,not MR,,,,,,,,,,,,,,,,,,,,,moha,
M44,-,noisyboiler/wampy,f87f7bee3363567132240caac62c8a3f8148a8fe,eventlet,gevent,test/helpers.py,31:31,not MR,,,,,,,,,,,,,,,,,,,,,moha,
M45,-,noisyboiler/wampy,f87f7bee3363567132240caac62c8a3f8148a8fe,eventlet,gevent,test/helpers.py,33:33,not MR,,,,,,,,,,,,,,,,,,,,,moha,
M46,-,noisyboiler/wampy,f87f7bee3363567132240caac62c8a3f8148a8fe,eventlet,gevent,test/helpers.py,40:40,not MR,,,,,,,,,,,,,,,,,,,,,moha,
M47,-,noisyboiler/wampy,f87f7bee3363567132240caac62c8a3f8148a8fe,eventlet,gevent,test/helpers.py,42:42,not MR,,,,,,,,,,,,,,,,,,,,,moha,
M70,-,openstack/ironic,cbf214b5130e362f57dbe5da99f4cef1918d882d,cheetah3,jinja2,ironic/drivers/modules/pxe.py,"141,154-159:152-156",unsure,Template,,,FileSystemLoader;get_template;render;Environment,,,function call,,,function call,,,one-to-many,,,type cast,,,misc properties,,moha,
M74,-,shingetsu/saku,d1ad50a9baedf58b37fd8527c09d9b0668d59013,cheetah3,jinja2,shingetsu/template.py,:57,,,,,FileSystemLoader,,,,,,function call,,,zero-to-one,,,no properties,,,,,moha,
M75,-,shingetsu/saku,d1ad50a9baedf58b37fd8527c09d9b0668d59013,cheetah3,jinja2,shingetsu/template.py,:56-59,,,,,Environment,,,,,,function call,,,zero-to-one,,,no properties,,,,,moha,
M76,-,shingetsu/saku,d1ad50a9baedf58b37fd8527c09d9b0668d59013,cheetah3,jinja2,shingetsu/template.py,72:67,,compile,,,get_template,,,function call,,,function call,,,one-to-one,,,argument transformation,,,,,moha,
M78,-,whoopinc/mkwheelhouse,54806ffc8eddb19cb4b603a380a2f1126eaae84e,botocore,boto,mkwheelhouse.py,19:25-27,,get_service;get_session,,,OrdinaryCallingFormat;connect_to_region,,,function call,,,function call,,,many-to-many,,,argument  deletion;argument addition,,,,,moha,
M79,-,whoopinc/mkwheelhouse,54806ffc8eddb19cb4b603a380a2f1126eaae84e,botocore,boto,mkwheelhouse.py,23-28:32-51,unsure,,,,,,,,,,,,,,,,,,,,,moha,
M80,-,whoopinc/mkwheelhouse,54806ffc8eddb19cb4b603a380a2f1126eaae84e,botocore,boto,mkwheelhouse.py,34:62,unsure,,,,,,,,,,,,,,,,,,,,,moha,
M83,-,zalando/spilo,a83681c756fe8dfc8e5117c690bde16319e3e943,botocore,boto,postgres-appliance/callback_aws.py,26:,not MR,,,,,,,,,,,,,,,,,,,,,moha,
M84,-,zalando/spilo,a83681c756fe8dfc8e5117c690bde16319e3e943,botocore,boto,postgres-appliance/callback_aws.py,:29,not MR,,,,,,,,,,,,,,,,,,,this is an additional feature,,moha,
M90,-,czheo/syntax_sugar_python,1dbc1d44855acd57f280cca03878681e8dc26b01,multiprocessing,multiprocess,syntax_sugar/pipe.py,3:4,,multiprocessing,,,multiprocess.pool,,,import,,,import,,,one-to-one,,,module name change,,,,,moha,
M91,-,czheo/syntax_sugar_python,1dbc1d44855acd57f280cca03878681e8dc26b01,multiprocessing,multiprocess,syntax_sugar/pipe.py,4:3,,multiprocessing.pool,,,multiprocess.pool,,,import,,,import,,,one-to-one,,,module name change,,,,,moha,
M92,-,czheo/syntax_sugar_python,1dbc1d44855acd57f280cca03878681e8dc26b02,multiprocessing,multiprocess,syntax_sugar/pipe.py,83:85-88,,map,,,map,,,function call,,,function call,,,one-to-one,,,argument transformation,,,"this is more like a ""conditional"" argument transformation",,moha,
M94,-,czheo/syntax_sugar_python,1dbc1d44855acd57f280cca03878681e8dc26b04,multiprocessing,multiprocess,syntax_sugar/pipe.py,87:92-95,,map,,,map,,,function call,,,function call,,,one-to-one,,,argument transformation,,,,,moha,
M124,-,itzkvn/python-http-monitoring,790a4830785a2dd03686c57f5ec70a4bb1a41f22,aiohttp,httpx,app/main.py,,no code changes,,,,,,,,,,,,,,,,,,,,,moha,
M125,-,itzkvn/python-http-monitoring,790a4830785a2dd03686c57f5ec70a4bb1a41f22,aiohttp,httpx,app/settings.py,,no code changes,,,,,,,,,,,,,,,,,,,,,moha,
M127,-,itzkvn/python-http-monitoring,790a4830785a2dd03686c57f5ec70a4bb1a41f22,aiohttp,httpx,app/targets.py,53-55:52-55,,get,,,get;AsyncClient,,,function call,,,function call,,,one-to-many,,,no properties,,,"this has a tangled refactoring, but not too bad",,moha,
M133,-,logicaldash/lise,028d0b34a4dadc59b18c88fa3381967c23245e63,umsgpack,msgpack,LiSE/LiSE/engine.py,184:184,,packb,,,packb,,,function call,,,function call,,,one-to-one,,,argument addition;argument name change,,,,,moha,
M135,-,logicaldash/lise,028d0b34a4dadc59b18c88fa3381967c23245e63,umsgpack,msgpack,LiSE/LiSE/engine.py,187-189:187-189,,packb,,,packb,,,function call,,,function call,,,one-to-one,,,argument addition;argument name change,,,,,moha,
M137,-,logicaldash/lise,028d0b34a4dadc59b18c88fa3381967c23245e63,umsgpack,msgpack,LiSE/LiSE/engine.py,192-194:192-194,,packb,,,packb,,,function call,,,function call,,,one-to-one,,,argument addition;argument name change,,,,,moha,
M139,-,logicaldash/lise,028d0b34a4dadc59b18c88fa3381967c23245e63,umsgpack,msgpack,LiSE/LiSE/engine.py,197-199:197-199,,packb,,,packb,,,function call,,,function call,,,one-to-one,,,argument addition;argument name change,,,,,moha,
M141,-,logicaldash/lise,028d0b34a4dadc59b18c88fa3381967c23245e63,umsgpack,msgpack,LiSE/LiSE/engine.py,202:202,,packb,,,packb,,,function call,,,function call,,,one-to-one,,,argument addition;argument name change,,,,,moha,
M143,-,logicaldash/lise,028d0b34a4dadc59b18c88fa3381967c23245e63,umsgpack,msgpack,LiSE/LiSE/engine.py,205:205,,packb,,,packb,,,function call,,,function call,,,one-to-one,,,argument addition;argument name change,,,,,moha,
M145,-,logicaldash/lise,028d0b34a4dadc59b18c88fa3381967c23245e63,umsgpack,msgpack,LiSE/LiSE/engine.py,208:208,,packb,,,packb,,,function call,,,function call,,,one-to-one,,,argument addition;argument name change,,,,,moha,
M147,-,logicaldash/lise,028d0b34a4dadc59b18c88fa3381967c23245e63,umsgpack,msgpack,LiSE/LiSE/engine.py,211-213:211-213,,packb,,,packb,,,function call,,,function call,,,one-to-one,,,argument addition;argument name change,,,,,moha,
M149,-,logicaldash/lise,028d0b34a4dadc59b18c88fa3381967c23245e63,umsgpack,msgpack,LiSE/LiSE/engine.py,222:222,,packb,,,packb,,,function call,,,function call,,,one-to-one,,,argument addition,,,,,moha,
M150,-,logicaldash/lise,028d0b34a4dadc59b18c88fa3381967c23245e63,umsgpack,msgpack,LiSE/LiSE/engine.py,225:225,,Ext,,,ExtType,,,function call,,,function call,,,one-to-one,,,element name change,,,,,moha,
M151,-,logicaldash/lise,028d0b34a4dadc59b18c88fa3381967c23245e63,umsgpack,msgpack,LiSE/LiSE/engine.py,225:225,,packb,,,packb,,,function call,,,function call,,,one-to-one,,,argument addition,,,,,moha,
M168,-,logicaldash/lise,028d0b34a4dadc59b18c88fa3381967c23245e63,umsgpack,msgpack,LiSE/LiSE/engine.py,375-378:,tangled,,,,,,,,,,,,,,,,,,,,,moha,
M169,-,clearmatics/ion,03fb3a3a307640d2fc0d4481cc3c529c8661b55c,argparse,click,ion/__main__.py,,no code changes,,,,,,,,,,,,,,,,,,,,,moha,
M170,-,clearmatics/ion,03fb3a3a307640d2fc0d4481cc3c529c8661b55c,argparse,click,ion/args.py,,no code changes,,,,,,,,,,,,,,,,,,,,,moha,
M179,-,clearmatics/ion,03fb3a3a307640d2fc0d4481cc3c529c8661b55c,argparse,click,ion/plasma/chain.py,310:303,unsure,,,,,,,,,,,,,,,,,,,,,moha,
M183,-,clearmatics/ion,03fb3a3a307640d2fc0d4481cc3c529c8661b55c,argparse,click,ion/plasma/payment.py,201:,,add_mutually_exclusive_group,,,,,,function call,,,,,,one-to-zero,,,no properties,,,,,moha,
M184,-,clearmatics/ion,03fb3a3a307640d2fc0d4481cc3c529c8661b55c,argparse,click,ion/plasma/payment.py,202:,not MR,,,,,,,,,,,,,,,,,,,,,moha,
M186,-,clearmatics/ion,03fb3a3a307640d2fc0d4481cc3c529c8661b55c,argparse,click,ion/plasma/payment.py,206:198,,FileType,,,File,,,function call,,,function call,,,one-to-one,,,element name change,,,,,moha,
M193,-,clearmatics/ion,03fb3a3a307640d2fc0d4481cc3c529c8661b55c,argparse,click,ion/plasma/payment.py,221-225:205,,add_mutually_exclusive_group;add_mutually_exclusive_group;add_mutually_exclusive_group,,,option,,,function call,,,function call;decorator,,,many-to-many,,,argument addition;element name change;argument deletion,,,,,moha,
M195,-,clearmatics/ion,03fb3a3a307640d2fc0d4481cc3c529c8661b55c,argparse,click,ion/plasma/payment.py,241:206,unsure,,,,,,,,,,,,,,,,,,,,,moha,
M200,-,clearmatics/ion,03fb3a3a307640d2fc0d4481cc3c529c8661b55c,argparse,click,ion/rpc/client.py,225:,,add_mutually_exclusive_group,,,,,,function call,,,,,,one-to-zero,,,no properties,,,,,moha,
M204,-,clearmatics/ion,03fb3a3a307640d2fc0d4481cc3c529c8661b55c,argparse,click,ion/rpc/client.py,232:226,unsure,,,,,,,,,,,,,,,,,,,,,moha,
M214,-,clearmatics/ion,03fb3a3a307640d2fc0d4481cc3c529c8661b55c,argparse,click,ion/rpc/server.py,153:124,unsure,,,,,,,,,,,,,,,,,,,,,moha,
M216,-,onitu/onitu,04575c8dab8d632acc40fc30fd42046cdfca36db,watchdog,pyinotify,onitu/drivers/local_storage/local_storage.py,114:114,,FileSystemEventHandler,,,ProcessEvent,,,class,,,class,,,one-to-one,,,element name change,,,,,moha,
M217,-,onitu/onitu,04575c8dab8d632acc40fc30fd42046cdfca36db,watchdog,pyinotify,onitu/drivers/local_storage/local_storage.py,"152-154:132-137,141",unsure,,,,,,,,,,,,,,,,,,,,,moha,
M219,-,sk-415/harukabot,0611d16a4cdc3f472b2c5fb265b8728e9a505d74,aiohttp,httpx,src/plugins/haruka_bot/login.py,33:37-38,,request,,,get;AsyncClient,,,function call,,,function call,,,one-to-many,,,argument deletion,,,,,moha,
M220,-,sk-415/harukabot,0611d16a4cdc3f472b2c5fb265b8728e9a505d74,aiohttp,httpx,src/plugins/haruka_bot/login.py,34:41,,json,,,json;encoding,,,function call,,,function call,,,one-to-many,,,unmake await;argument deletion,,,,,moha,
M221,-,sk-415/harukabot,0611d16a4cdc3f472b2c5fb265b8728e9a505d74,aiohttp,httpx,src/plugins/haruka_bot/login.py,37:44-45,,request,,,get;AsyncClient,,,function call,,,function call,,,one-to-many,,,argument deletion,,,,,moha,
M222,-,sk-415/harukabot,0611d16a4cdc3f472b2c5fb265b8728e9a505d74,aiohttp,httpx,src/plugins/haruka_bot/login.py,38:47-48,,json,,,json;encoding,,,function call,,,function call,,,one-to-one,,,unmake await;argument deletion,,,,,moha,
M224,-,sk-415/harukabot,0611d16a4cdc3f472b2c5fb265b8728e9a505d74,aiohttp,httpx,src/plugins/haruka_bot/utils.py,111:111-112,,request,,,get;AsyncClient,,,function call,,,function call,,,one-to-many,,,argument deletion,,,,,moha,
M225,-,sk-415/harukabot,0611d16a4cdc3f472b2c5fb265b8728e9a505d74,aiohttp,httpx,src/plugins/haruka_bot/utils.py,112:113-114,,json,,,json;encoding,,,function call,,,function call,,,one-to-one,,,unmake await;argument deletion,,,,,moha,
M226,-,landlab/landlab,06a0c634b3f52abc4812dda109230cedcdcf57fd,netcdf4,xarray,landlab/grid/base.py,,not MR,,,,,,,,,,,,,,,,,,,,,moha,
M227,-,landlab/landlab,06a0c634b3f52abc4812dda109230cedcdcf57fd,netcdf4,xarray,landlab/grid/hex.py,,not MR,,,,,,,,,,,,,,,,,,,,,moha,
M228,-,landlab/landlab,06a0c634b3f52abc4812dda109230cedcdcf57fd,netcdf4,xarray,landlab/grid/radial.py,,not MR,,,,,,,,,,,,,,,,,,,,,moha,
M229,-,landlab/landlab,06a0c634b3f52abc4812dda109230cedcdcf57fd,netcdf4,xarray,landlab/grid/raster.py,,not MR,,,,,,,,,,,,,,,,,,,,,moha,
M234,-,wkentaro/fcn,399069ac568af1d295a5ac2d3b61b531af998898,progressbar,tqdm,scripts/fcn_train.py,"66,68,91:68",unsure,,,,,,,,,,,,,,,,,,,,,moha,
-,A41,noisyboiler/wampy,f87f7bee3363567132240caac62c8a3f8148a8fe,eventlet,gevent,test/helpers.py,18:18,,,sleep,,,sleep,,,function call,,,function call,,,one-to-one,,,no properties,,,Correct line is 19:19,,ajay
-,A42,noisyboiler/wampy,f87f7bee3363567132240caac62c8a3f8148a8fe,eventlet,gevent,test/helpers.py,22:22,no code changes,,,,,,,,,,,,,,,,,,,,"Incorrect file path. Correct is testing/helpers.py, which exists below.",,ajay
-,A43,noisyboiler/wampy,f87f7bee3363567132240caac62c8a3f8148a8fe,eventlet,gevent,test/helpers.py,27:27,no code changes,,,,,,,,,,,,,,,,,,,,"Incorrect file path. Correct is testing/helpers.py, which exists below.",,ajay
-,A44,noisyboiler/wampy,f87f7bee3363567132240caac62c8a3f8148a8fe,eventlet,gevent,test/helpers.py,31:31,no code changes,,,,,,,,,,,,,,,,,,,,"Incorrect file path. Correct is testing/helpers.py, which exists below.",,ajay
-,A45,noisyboiler/wampy,f87f7bee3363567132240caac62c8a3f8148a8fe,eventlet,gevent,test/helpers.py,33:33,no code changes,,,,,,,,,,,,,,,,,,,,"Incorrect file path. Correct is testing/helpers.py, which exists below.",,ajay
-,A46,noisyboiler/wampy,f87f7bee3363567132240caac62c8a3f8148a8fe,eventlet,gevent,test/helpers.py,40:40,no code changes,,,,,,,,,,,,,,,,,,,,"Incorrect file path. Correct is testing/helpers.py, which exists below.",,ajay
-,A47,noisyboiler/wampy,f87f7bee3363567132240caac62c8a3f8148a8fe,eventlet,gevent,test/helpers.py,42:42,no code changes,,,,,,,,,,,,,,,,,,,,"Incorrect file path. Correct is testing/helpers.py, which exists below.",,ajay
-,A70,openstack/ironic,cbf214b5130e362f57dbe5da99f4cef1918d882d,cheetah3,jinja2,ironic/drivers/modules/pxe.py,"141,154-159:152-156",,,Template.Template,,,get_template;render;Environment,,,function call,,,function call,,,one-to-many,,,argument transformation,,,,,ajay
-,A74,shingetsu/saku,d1ad50a9baedf58b37fd8527c09d9b0668d59013,cheetah3,jinja2,shingetsu/template.py,restofthefile,,,Template.compile,,,get_template;render;Environment,,,function call,,,function call,,,one-to-many,,,argument transformation,,,,,ajay
-,A76,whoopinc/mkwheelhouse,54806ffc8eddb19cb4b603a380a2f1126eaae84e,botocore,boto,mkwheelhouse.py,19:25-28,,,get_service;get_session,,,get_bucket;connect_to_region,,,function call,,,function call,,,many-to-many,,,argument addition;argument transformation,,,,,ajay
-,A77,whoopinc/mkwheelhouse,54806ffc8eddb19cb4b603a380a2f1126eaae84e,botocore,boto,mkwheelhouse.py,23-28:32-51,,,call;get_operation;get_endpoint,,,,,,function call,,,,,,many-to-zero,,,no properties,,,,,ajay
-,A78,whoopinc/mkwheelhouse,54806ffc8eddb19cb4b603a380a2f1126eaae84e,botocore,boto,mkwheelhouse.py,34:62,not MR,,,,,,,,,,,,,,,,,,,,,,ajay
-,A81,zalando/spilo,a83681c756fe8dfc8e5117c690bde16319e3e943,botocore,boto,postgres-appliance/callback_aws.py,26:,,,RequestException,,,,,,exception,,,,,,one-to-zero,,,no properties,,,,,ajay
-,A82,zalando/spilo,a83681c756fe8dfc8e5117c690bde16319e3e943,botocore,boto,postgres-appliance/callback_aws.py,:29,,,,,,get_instance_identity,,,,,,function call,,,zero-to-one,,,no properties,,,,,ajay
-,S6,czheo/syntax_sugar_python,1dbc1d44855acd57f280cca03878681e8dc26b01,multiprocessing,multiprocess,syntax_sugar/pipe.py,3-4:3,,,Pool;ThreadPool,,,Pool;ThreadPool,,,import,,,import,,,many-to-one,,,module name change,,,,,sarah
-,S7,czheo/syntax_sugar_python,1dbc1d44855acd57f280cca03878681e8dc26b02,multiprocessing,multiprocess,syntax_sugar/pipe.py,83:88,,,map,,,map,,,function call,,,function call,,,one-to-one,,,no properties,,,,,sarah
-,S9,czheo/syntax_sugar_python,1dbc1d44855acd57f280cca03878681e8dc26b04,multiprocessing,multiprocess,syntax_sugar/pipe.py,87:92-95,not MR,,,,,,,,,,,,,,,,,,,,,,sarah
-,S39,itzkvn/python-http-monitoring,790a4830785a2dd03686c57f5ec70a4bb1a41f22,aiohttp,httpx,app/main.py,,no code changes,,,,,,,,,,,,,,,,,,,,,,sarah
-,S40,itzkvn/python-http-monitoring,790a4830785a2dd03686c57f5ec70a4bb1a41f22,aiohttp,httpx,app/settings.py,,no code changes,,,,,,,,,,,,,,,,,,,,,,sarah
-,S41,itzkvn/python-http-monitoring,790a4830785a2dd03686c57f5ec70a4bb1a41f22,aiohttp,httpx,app/targets.py,3:,,,asyncio.TimeoutError,,,,,,import,,,no program element,,,one-to-zero,,,,,,,,sarah
-,S43,itzkvn/python-http-monitoring,790a4830785a2dd03686c57f5ec70a4bb1a41f22,aiohttp,httpx,app/targets.py,44;53-55:52-55,,,ClientSession;get,,,AsyncClient;get,,,function call,,,function call,,,many-to-many,,,making await,,,,,sarah
-,I11,logicaldash/lise,028d0b34a4dadc59b18c88fa3381967c23245e63,umsgpack,msgpack,LiSE/LiSE/engine.py,225:225,,,"Ext, packb",,,"ExtType, packb",,,"class object, function call",,,"class object, function call",,,many-to-many,,,"element name change, argument addition",,,ADDED,,ildar
-,I28,logicaldash/lise,028d0b34a4dadc59b18c88fa3381967c23245e63,umsgpack,msgpack,LiSE/LiSE/engine.py,375-378:,no code changes,,,,,,,,,,,,,,,,,,,,,,ildar
-,I29,clearmatics/ion,03fb3a3a307640d2fc0d4481cc3c529c8661b55c,argparse,click,ion/__main__.py,,not MR,,,,,,,,,,,,,,,,,,,,,,ildar
-,I30,clearmatics/ion,03fb3a3a307640d2fc0d4481cc3c529c8661b55c,argparse,click,ion/args.py,1:,,,argparse,,,,,,import,,,,,,one-to-zero,,,,,,,,ildar
-,I31,clearmatics/ion,03fb3a3a307640d2fc0d4481cc3c529c8661b55c,argparse,click,ion/args.py,25-82:,tangled,,,,,,,,,,,,,,,,,,,,A few argparse-related classes removed,,ildar
-,I40,clearmatics/ion,03fb3a3a307640d2fc0d4481cc3c529c8661b55c,argparse,click,ion/plasma/chain.py,310:303,not MR,,,,,,,,,,,,,,,,,,,,,,ildar
-,I44,clearmatics/ion,03fb3a3a307640d2fc0d4481cc3c529c8661b55c,argparse,click,ion/plasma/payment.py,201:,unsure,,add_mutually_exclusive_group,,,,,,function call,,,,,,one-to-zero,,,,,,Related to the lines below? (a group is created and used),,ildar
-,I45,clearmatics/ion,03fb3a3a307640d2fc0d4481cc3c529c8661b55c,argparse,click,ion/plasma/payment.py,202:,not MR,,add_argument,,,,,,function call,,,,,,one-to-zero,,,,,,"Perhaps, changes in semantics",,ildar
-,I53,clearmatics/ion,03fb3a3a307640d2fc0d4481cc3c529c8661b55c,argparse,click,ion/plasma/payment.py,221:,unsure,,add_mutually_exclusive_group,,,,,,function call,,,,,,one-to-zero,,,,,,Related to the lines below? (a group is created and used),,ildar
-,I54,clearmatics/ion,03fb3a3a307640d2fc0d4481cc3c529c8661b55c,argparse,click,ion/plasma/payment.py,222-225:205,,,add_argument,,,"option, Choice",,,function call,,,"decorator, class object",,,many-to-many,,,"argument addition, argument deletion",,,,,ildar
-,I56,clearmatics/ion,03fb3a3a307640d2fc0d4481cc3c529c8661b55c,argparse,click,ion/plasma/payment.py,241:206,not MR,,,,,,,,,,,,,,,,,,,,,,ildar
-,I61,clearmatics/ion,03fb3a3a307640d2fc0d4481cc3c529c8661b55c,argparse,click,ion/rpc/client.py,225:,unsure,,add_mutually_exclusive_group,,,,,,function call,,,,,,one-to-zero,,,,,,Related to the lines below? (a group is created and used),,ildar
-,I65,clearmatics/ion,03fb3a3a307640d2fc0d4481cc3c529c8661b55c,argparse,click,ion/rpc/client.py,232:226,not MR,,,,,,,,,,,,,,,,,,,,,,ildar
-,I75,clearmatics/ion,03fb3a3a307640d2fc0d4481cc3c529c8661b55c,argparse,click,ion/rpc/server.py,153:124,not MR,,,,,,,,,,,,,,,,,,,,,,ildar
-,I77,onitu/onitu,04575c8dab8d632acc40fc30fd42046cdfca36db,watchdog,pyinotify,onitu/drivers/local_storage/local_storage.py,"114-136,152-154:114-116,132-137,141",tangled,,,,,,,,,,,,,,,,,,,,,,ildar
-,I79,sk-415/harukabot,0611d16a4cdc3f472b2c5fb265b8728e9a505d74,aiohttp,httpx,src/plugins/haruka_bot/login.py,33-34:37-41,unsure,,request,,,AsyncClient,,,function call,,,class object,,,one-to-one,,,?,,,Flagged for discussion,,ildar
-,I80,sk-415/harukabot,0611d16a4cdc3f472b2c5fb265b8728e9a505d74,aiohttp,httpx,src/plugins/haruka_bot/login.py,37-38:44-48,unsure,,request,,,AsyncClient,,,function call,,,class object,,,one-to-one,,,?,,,Flagged for discussion,,ildar
-,I82,sk-415/harukabot,0611d16a4cdc3f472b2c5fb265b8728e9a505d74,aiohttp,httpx,src/plugins/haruka_bot/utils.py,111-112:111-114,unsure,,request,,,AsyncClient,,,function call,,,class object,,,one-to-one,,,?,,,Flagged for discussion,,ildar
-,I83,landlab/landlab,06a0c634b3f52abc4812dda109230cedcdcf57fd,netcdf4,xarray,landlab/grid/base.py,,not MR,,,,,,,,,,,,,,,,,,,,,,ildar
-,I84,landlab/landlab,06a0c634b3f52abc4812dda109230cedcdcf57fd,netcdf4,xarray,landlab/grid/hex.py,,not MR,,,,,,,,,,,,,,,,,,,,,,ildar
-,I85,landlab/landlab,06a0c634b3f52abc4812dda109230cedcdcf57fd,netcdf4,xarray,landlab/grid/radial.py,,not MR,,,,,,,,,,,,,,,,,,,,,,ildar
-,I86,landlab/landlab,06a0c634b3f52abc4812dda109230cedcdcf57fd,netcdf4,xarray,landlab/grid/raster.py,,not MR,,,,,,,,,,,,,,,,,,,,,,ildar
-,I90,landlab/landlab,06a0c634b3f52abc4812dda109230cedcdcf57fd,netcdf4,xarray,landlab/io/netcdf/write.py,667:658,,,Dataset,,,open_dataset,,,class object,,,function call,,,one-to-one,,,argument deletion,,,,,ildar
-,I92,wkentaro/fcn,399069ac568af1d295a5ac2d3b61b531af998898,progressbar,tqdm,scripts/fcn_train.py,"66,68,91:68",tangled,,,,,,,,,,,,,,,,,,,,Tangled? Flagging for discussion,,ildar
