id,repo,commit,source,target,file path,lines,flag,source APIs,target APIs,source program elements,target program elements,cardinality,properties,comments,commit URL,migration id,file id,candidate source lines,candidate target lines
A1,keepsafe/aiohttp,e51fb1ff1ebdde566b96af0090c5c63cf1a62b1b,attrs,dataclasses,aiohttp/client.py,31:5,,attr,dataclasses,import,import,one-to-one,full statement replacement,,https://github.com/keepsafe/aiohttp/commit/e51fb1ff1ebdde566b96af0090c5c63cf1a62b1b,attrs__dataclasses__keepsafe/aiohttp__e51fb1ff,attrs__dataclasses__keepsafe/aiohttp__e51fb1ff__aiohttp/client.py,,"5,139,704"
A2,keepsafe/aiohttp,e51fb1ff1ebdde566b96af0090c5c63cf1a62b1b,attrs,dataclasses,aiohttp/client.py,139:139,,attr.s,dataclasses.dataclass,decorator,decorator,one-to-one,argument deletion,,https://github.com/keepsafe/aiohttp/commit/e51fb1ff1ebdde566b96af0090c5c63cf1a62b1b,attrs__dataclasses__keepsafe/aiohttp__e51fb1ff,attrs__dataclasses__keepsafe/aiohttp__e51fb1ff__aiohttp/client.py,,
A3,keepsafe/aiohttp,e51fb1ff1ebdde566b96af0090c5c63cf1a62b1b,attrs,dataclasses,aiohttp/client.py,704:704,,attr.evolve,dataclasses.replace,function call,function call,one-to-one,no properties,,https://github.com/keepsafe/aiohttp/commit/e51fb1ff1ebdde566b96af0090c5c63cf1a62b1b,attrs__dataclasses__keepsafe/aiohttp__e51fb1ff,attrs__dataclasses__keepsafe/aiohttp__e51fb1ff__aiohttp/client.py,,
A4,keepsafe/aiohttp,e51fb1ff1ebdde566b96af0090c5c63cf1a62b1b,attrs,dataclasses,aiohttp/client_reqrep.py,26:3,,attr,dataclasses,import,import,one-to-one,full statement replacement,,https://github.com/keepsafe/aiohttp/commit/e51fb1ff1ebdde566b96af0090c5c63cf1a62b1b,attrs__dataclasses__keepsafe/aiohttp__e51fb1ff,attrs__dataclasses__keepsafe/aiohttp__e51fb1ff__aiohttp/client_reqrep.py,,"3,89,96,144"
A5,keepsafe/aiohttp,e51fb1ff1ebdde566b96af0090c5c63cf1a62b1b,attrs,dataclasses,aiohttp/client_reqrep.py,89:89,,attr.s,dataclasses.dataclass,decorator,decorator,one-to-one,argument deletion,,https://github.com/keepsafe/aiohttp/commit/e51fb1ff1ebdde566b96af0090c5c63cf1a62b1b,attrs__dataclasses__keepsafe/aiohttp__e51fb1ff,attrs__dataclasses__keepsafe/aiohttp__e51fb1ff__aiohttp/client_reqrep.py,,
A6,keepsafe/aiohttp,e51fb1ff1ebdde566b96af0090c5c63cf1a62b1b,attrs,dataclasses,aiohttp/client_reqrep.py,96:96,,attr.s,dataclasses.dataclass,decorator,decorator,one-to-one,argument deletion,,https://github.com/keepsafe/aiohttp/commit/e51fb1ff1ebdde566b96af0090c5c63cf1a62b1b,attrs__dataclasses__keepsafe/aiohttp__e51fb1ff,attrs__dataclasses__keepsafe/aiohttp__e51fb1ff__aiohttp/client_reqrep.py,,
A7,keepsafe/aiohttp,e51fb1ff1ebdde566b96af0090c5c63cf1a62b1b,attrs,dataclasses,aiohttp/client_reqrep.py,148:144,,attr.s,dataclasses.dataclass,decorator,decorator,one-to-one,argument deletion,,https://github.com/keepsafe/aiohttp/commit/e51fb1ff1ebdde566b96af0090c5c63cf1a62b1b,attrs__dataclasses__keepsafe/aiohttp__e51fb1ff,attrs__dataclasses__keepsafe/aiohttp__e51fb1ff__aiohttp/client_reqrep.py,,
A8,keepsafe/aiohttp,e51fb1ff1ebdde566b96af0090c5c63cf1a62b1b,attrs,dataclasses,aiohttp/client_ws.py,7:4,,attr,dataclasses,import,import,one-to-one,full statement replacement,,https://github.com/keepsafe/aiohttp/commit/e51fb1ff1ebdde566b96af0090c5c63cf1a62b1b,attrs__dataclasses__keepsafe/aiohttp__e51fb1ff,attrs__dataclasses__keepsafe/aiohttp__e51fb1ff__aiohttp/client_ws.py,,"4,30"
A9,keepsafe/aiohttp,e51fb1ff1ebdde566b96af0090c5c63cf1a62b1b,attrs,dataclasses,aiohttp/client_ws.py,30:30,,attr.s,dataclasses.dataclass,decorator,decorator,one-to-one,argument deletion,,https://github.com/keepsafe/aiohttp/commit/e51fb1ff1ebdde566b96af0090c5c63cf1a62b1b,attrs__dataclasses__keepsafe/aiohttp__e51fb1ff,attrs__dataclasses__keepsafe/aiohttp__e51fb1ff__aiohttp/client_ws.py,,
A10,keepsafe/aiohttp,e51fb1ff1ebdde566b96af0090c5c63cf1a62b1b,attrs,dataclasses,aiohttp/connector.py,31:2,,attr,dataclasses,import,import,one-to-one,full statement replacement,,https://github.com/keepsafe/aiohttp/commit/e51fb1ff1ebdde566b96af0090c5c63cf1a62b1b,attrs__dataclasses__keepsafe/aiohttp__e51fb1ff,attrs__dataclasses__keepsafe/aiohttp__e51fb1ff__aiohttp/connector.py,,"21,072"
A11,keepsafe/aiohttp,e51fb1ff1ebdde566b96af0090c5c63cf1a62b1b,attrs,dataclasses,aiohttp/connector.py,1073:1072,,attr.evolve,dataclasses.replace,function call,function call,one-to-one,no properties,,https://github.com/keepsafe/aiohttp/commit/e51fb1ff1ebdde566b96af0090c5c63cf1a62b1b,attrs__dataclasses__keepsafe/aiohttp__e51fb1ff,attrs__dataclasses__keepsafe/aiohttp__e51fb1ff__aiohttp/connector.py,,
A12,keepsafe/aiohttp,e51fb1ff1ebdde566b96af0090c5c63cf1a62b1b,attrs,dataclasses,aiohttp/helpers.py,45:7,,attr,dataclasses,import,import,one-to-one,full statement replacement,,https://github.com/keepsafe/aiohttp/commit/e51fb1ff1ebdde566b96af0090c5c63cf1a62b1b,attrs__dataclasses__keepsafe/aiohttp__e51fb1ff,attrs__dataclasses__keepsafe/aiohttp__e51fb1ff__aiohttp/helpers.py,,"7,235,272"
A13,keepsafe/aiohttp,e51fb1ff1ebdde566b96af0090c5c63cf1a62b1b,attrs,dataclasses,aiohttp/helpers.py,235:235,,attr.s,dataclasses.dataclass,decorator,decorator,one-to-one,argument deletion,,https://github.com/keepsafe/aiohttp/commit/e51fb1ff1ebdde566b96af0090c5c63cf1a62b1b,attrs__dataclasses__keepsafe/aiohttp__e51fb1ff,attrs__dataclasses__keepsafe/aiohttp__e51fb1ff__aiohttp/helpers.py,,
A14,keepsafe/aiohttp,e51fb1ff1ebdde566b96af0090c5c63cf1a62b1b,attrs,dataclasses,aiohttp/helpers.py,272:272,,attr.s,dataclasses.dataclass,decorator,decorator,one-to-one,argument deletion,,https://github.com/keepsafe/aiohttp/commit/e51fb1ff1ebdde566b96af0090c5c63cf1a62b1b,attrs__dataclasses__keepsafe/aiohttp__e51fb1ff,attrs__dataclasses__keepsafe/aiohttp__e51fb1ff__aiohttp/helpers.py,,
A15,keepsafe/aiohttp,e51fb1ff1ebdde566b96af0090c5c63cf1a62b1b,attrs,dataclasses,aiohttp/tracing.py,4:1,,attr,dataclasses,import,import,one-to-one,full statement replacement,,https://github.com/keepsafe/aiohttp/commit/e51fb1ff1ebdde566b96af0090c5c63cf1a62b1b,attrs__dataclasses__keepsafe/aiohttp__e51fb1ff,attrs__dataclasses__keepsafe/aiohttp__e51fb1ff__aiohttp/tracing.py,,"1,220,229,238,247,257,267,277,282,287,292,297,302,309,316,323,330"
A16,keepsafe/aiohttp,e51fb1ff1ebdde566b96af0090c5c63cf1a62b1b,attrs,dataclasses,aiohttp/tracing.py,220:220,,attr.s,dataclasses.dataclass,decorator,decorator,one-to-one,argument deletion,,https://github.com/keepsafe/aiohttp/commit/e51fb1ff1ebdde566b96af0090c5c63cf1a62b1b,attrs__dataclasses__keepsafe/aiohttp__e51fb1ff,attrs__dataclasses__keepsafe/aiohttp__e51fb1ff__aiohttp/tracing.py,,
A17,keepsafe/aiohttp,e51fb1ff1ebdde566b96af0090c5c63cf1a62b1b,attrs,dataclasses,aiohttp/tracing.py,229:229,,attr.s,dataclasses.dataclass,decorator,decorator,one-to-one,argument deletion,,https://github.com/keepsafe/aiohttp/commit/e51fb1ff1ebdde566b96af0090c5c63cf1a62b1b,attrs__dataclasses__keepsafe/aiohttp__e51fb1ff,attrs__dataclasses__keepsafe/aiohttp__e51fb1ff__aiohttp/tracing.py,,
A18,keepsafe/aiohttp,e51fb1ff1ebdde566b96af0090c5c63cf1a62b1b,attrs,dataclasses,aiohttp/tracing.py,238:238,,attr.s,dataclasses.dataclass,decorator,decorator,one-to-one,argument deletion,,https://github.com/keepsafe/aiohttp/commit/e51fb1ff1ebdde566b96af0090c5c63cf1a62b1b,attrs__dataclasses__keepsafe/aiohttp__e51fb1ff,attrs__dataclasses__keepsafe/aiohttp__e51fb1ff__aiohttp/tracing.py,,
A19,keepsafe/aiohttp,e51fb1ff1ebdde566b96af0090c5c63cf1a62b1b,attrs,dataclasses,aiohttp/tracing.py,247:247,,attr.s,dataclasses.dataclass,decorator,decorator,one-to-one,argument deletion,,https://github.com/keepsafe/aiohttp/commit/e51fb1ff1ebdde566b96af0090c5c63cf1a62b1b,attrs__dataclasses__keepsafe/aiohttp__e51fb1ff,attrs__dataclasses__keepsafe/aiohttp__e51fb1ff__aiohttp/tracing.py,,
A20,keepsafe/aiohttp,e51fb1ff1ebdde566b96af0090c5c63cf1a62b1b,attrs,dataclasses,aiohttp/tracing.py,257:257,,attr.s,dataclasses.dataclass,decorator,decorator,one-to-one,argument deletion,,https://github.com/keepsafe/aiohttp/commit/e51fb1ff1ebdde566b96af0090c5c63cf1a62b1b,attrs__dataclasses__keepsafe/aiohttp__e51fb1ff,attrs__dataclasses__keepsafe/aiohttp__e51fb1ff__aiohttp/tracing.py,,
A21,keepsafe/aiohttp,e51fb1ff1ebdde566b96af0090c5c63cf1a62b1b,attrs,dataclasses,aiohttp/tracing.py,267:267,,attr.s,dataclasses.dataclass,decorator,decorator,one-to-one,argument deletion,,https://github.com/keepsafe/aiohttp/commit/e51fb1ff1ebdde566b96af0090c5c63cf1a62b1b,attrs__dataclasses__keepsafe/aiohttp__e51fb1ff,attrs__dataclasses__keepsafe/aiohttp__e51fb1ff__aiohttp/tracing.py,,
A22,keepsafe/aiohttp,e51fb1ff1ebdde566b96af0090c5c63cf1a62b1b,attrs,dataclasses,aiohttp/tracing.py,277:277,,attr.s,dataclasses.dataclass,decorator,decorator,one-to-one,argument deletion,,https://github.com/keepsafe/aiohttp/commit/e51fb1ff1ebdde566b96af0090c5c63cf1a62b1b,attrs__dataclasses__keepsafe/aiohttp__e51fb1ff,attrs__dataclasses__keepsafe/aiohttp__e51fb1ff__aiohttp/tracing.py,,
A23,keepsafe/aiohttp,e51fb1ff1ebdde566b96af0090c5c63cf1a62b1b,attrs,dataclasses,aiohttp/tracing.py,282:282,,attr.s,dataclasses.dataclass,decorator,decorator,one-to-one,argument deletion,,https://github.com/keepsafe/aiohttp/commit/e51fb1ff1ebdde566b96af0090c5c63cf1a62b1b,attrs__dataclasses__keepsafe/aiohttp__e51fb1ff,attrs__dataclasses__keepsafe/aiohttp__e51fb1ff__aiohttp/tracing.py,,
A24,keepsafe/aiohttp,e51fb1ff1ebdde566b96af0090c5c63cf1a62b1b,attrs,dataclasses,aiohttp/tracing.py,287:287,,attr.s,dataclasses.dataclass,decorator,decorator,one-to-one,argument deletion,,https://github.com/keepsafe/aiohttp/commit/e51fb1ff1ebdde566b96af0090c5c63cf1a62b1b,attrs__dataclasses__keepsafe/aiohttp__e51fb1ff,attrs__dataclasses__keepsafe/aiohttp__e51fb1ff__aiohttp/tracing.py,,
A25,keepsafe/aiohttp,e51fb1ff1ebdde566b96af0090c5c63cf1a62b1b,attrs,dataclasses,aiohttp/tracing.py,292:292,,attr.s,dataclasses.dataclass,decorator,decorator,one-to-one,argument deletion,,https://github.com/keepsafe/aiohttp/commit/e51fb1ff1ebdde566b96af0090c5c63cf1a62b1b,attrs__dataclasses__keepsafe/aiohttp__e51fb1ff,attrs__dataclasses__keepsafe/aiohttp__e51fb1ff__aiohttp/tracing.py,,
A26,keepsafe/aiohttp,e51fb1ff1ebdde566b96af0090c5c63cf1a62b1b,attrs,dataclasses,aiohttp/tracing.py,297:297,,attr.s,dataclasses.dataclass,decorator,decorator,one-to-one,argument deletion,,https://github.com/keepsafe/aiohttp/commit/e51fb1ff1ebdde566b96af0090c5c63cf1a62b1b,attrs__dataclasses__keepsafe/aiohttp__e51fb1ff,attrs__dataclasses__keepsafe/aiohttp__e51fb1ff__aiohttp/tracing.py,,
A27,keepsafe/aiohttp,e51fb1ff1ebdde566b96af0090c5c63cf1a62b1b,attrs,dataclasses,aiohttp/tracing.py,302:302,,attr.s,dataclasses.dataclass,decorator,decorator,one-to-one,argument deletion,,https://github.com/keepsafe/aiohttp/commit/e51fb1ff1ebdde566b96af0090c5c63cf1a62b1b,attrs__dataclasses__keepsafe/aiohttp__e51fb1ff,attrs__dataclasses__keepsafe/aiohttp__e51fb1ff__aiohttp/tracing.py,,
A28,keepsafe/aiohttp,e51fb1ff1ebdde566b96af0090c5c63cf1a62b1b,attrs,dataclasses,aiohttp/tracing.py,309:309,,attr.s,dataclasses.dataclass,decorator,decorator,one-to-one,argument deletion,,https://github.com/keepsafe/aiohttp/commit/e51fb1ff1ebdde566b96af0090c5c63cf1a62b1b,attrs__dataclasses__keepsafe/aiohttp__e51fb1ff,attrs__dataclasses__keepsafe/aiohttp__e51fb1ff__aiohttp/tracing.py,,
A29,keepsafe/aiohttp,e51fb1ff1ebdde566b96af0090c5c63cf1a62b1b,attrs,dataclasses,aiohttp/tracing.py,316:316,,attr.s,dataclasses.dataclass,decorator,decorator,one-to-one,argument deletion,,https://github.com/keepsafe/aiohttp/commit/e51fb1ff1ebdde566b96af0090c5c63cf1a62b1b,attrs__dataclasses__keepsafe/aiohttp__e51fb1ff,attrs__dataclasses__keepsafe/aiohttp__e51fb1ff__aiohttp/tracing.py,,
A30,keepsafe/aiohttp,e51fb1ff1ebdde566b96af0090c5c63cf1a62b1b,attrs,dataclasses,aiohttp/tracing.py,323:323,,attr.s,dataclasses.dataclass,decorator,decorator,one-to-one,argument deletion,,https://github.com/keepsafe/aiohttp/commit/e51fb1ff1ebdde566b96af0090c5c63cf1a62b1b,attrs__dataclasses__keepsafe/aiohttp__e51fb1ff,attrs__dataclasses__keepsafe/aiohttp__e51fb1ff__aiohttp/tracing.py,,
A31,keepsafe/aiohttp,e51fb1ff1ebdde566b96af0090c5c63cf1a62b1b,attrs,dataclasses,aiohttp/tracing.py,330:330,,attr.s,dataclasses.dataclass,decorator,decorator,one-to-one,argument deletion,,https://github.com/keepsafe/aiohttp/commit/e51fb1ff1ebdde566b96af0090c5c63cf1a62b1b,attrs__dataclasses__keepsafe/aiohttp__e51fb1ff,attrs__dataclasses__keepsafe/aiohttp__e51fb1ff__aiohttp/tracing.py,,
A32,keepsafe/aiohttp,e51fb1ff1ebdde566b96af0090c5c63cf1a62b1b,attrs,dataclasses,aiohttp/web_request.py,27:2,,attr,dataclasses,import,import,one-to-one,full statement replacement,,https://github.com/keepsafe/aiohttp/commit/e51fb1ff1ebdde566b96af0090c5c63cf1a62b1b,attrs__dataclasses__keepsafe/aiohttp__e51fb1ff,attrs__dataclasses__keepsafe/aiohttp__e51fb1ff__aiohttp/web_request.py,,"2,69"
A33,keepsafe/aiohttp,e51fb1ff1ebdde566b96af0090c5c63cf1a62b1b,attrs,dataclasses,aiohttp/web_request.py,69:69,,attr.s,dataclasses.dataclass,decorator,decorator,one-to-one,argument deletion,,https://github.com/keepsafe/aiohttp/commit/e51fb1ff1ebdde566b96af0090c5c63cf1a62b1b,attrs__dataclasses__keepsafe/aiohttp__e51fb1ff,attrs__dataclasses__keepsafe/aiohttp__e51fb1ff__aiohttp/web_request.py,,
A34,keepsafe/aiohttp,e51fb1ff1ebdde566b96af0090c5c63cf1a62b1b,attrs,dataclasses,aiohttp/web_routedef.py,18:2,,attr,dataclasses,import,import,one-to-one,full statement replacement,,https://github.com/keepsafe/aiohttp/commit/e51fb1ff1ebdde566b96af0090c5c63cf1a62b1b,attrs__dataclasses__keepsafe/aiohttp__e51fb1ff,attrs__dataclasses__keepsafe/aiohttp__e51fb1ff__aiohttp/web_routedef.py,,"2,59,84"
A35,keepsafe/aiohttp,e51fb1ff1ebdde566b96af0090c5c63cf1a62b1b,attrs,dataclasses,aiohttp/web_routedef.py,60:59,,attr.s,dataclasses.dataclass,decorator,decorator,one-to-one,argument deletion,,https://github.com/keepsafe/aiohttp/commit/e51fb1ff1ebdde566b96af0090c5c63cf1a62b1b,attrs__dataclasses__keepsafe/aiohttp__e51fb1ff,attrs__dataclasses__keepsafe/aiohttp__e51fb1ff__aiohttp/web_routedef.py,,
A36,keepsafe/aiohttp,e51fb1ff1ebdde566b96af0090c5c63cf1a62b1b,attrs,dataclasses,aiohttp/web_routedef.py,85:84,,attr.s,dataclasses.dataclass,decorator,decorator,one-to-one,argument deletion,,https://github.com/keepsafe/aiohttp/commit/e51fb1ff1ebdde566b96af0090c5c63cf1a62b1b,attrs__dataclasses__keepsafe/aiohttp__e51fb1ff,attrs__dataclasses__keepsafe/aiohttp__e51fb1ff__aiohttp/web_routedef.py,,
A37,keepsafe/aiohttp,e51fb1ff1ebdde566b96af0090c5c63cf1a62b1b,attrs,dataclasses,aiohttp/web_ws.py,9:4,,attr,dataclasses,import,import,one-to-one,full statement replacement,,https://github.com/keepsafe/aiohttp/commit/e51fb1ff1ebdde566b96af0090c5c63cf1a62b1b,attrs__dataclasses__keepsafe/aiohttp__e51fb1ff,attrs__dataclasses__keepsafe/aiohttp__e51fb1ff__aiohttp/web_ws.py,,"4,44"
A38,keepsafe/aiohttp,e51fb1ff1ebdde566b96af0090c5c63cf1a62b1b,attrs,dataclasses,aiohttp/web_ws.py,44:44,,attr.s,dataclasses.dataclass,decorator,decorator,one-to-one,argument deletion,,https://github.com/keepsafe/aiohttp/commit/e51fb1ff1ebdde566b96af0090c5c63cf1a62b1b,attrs__dataclasses__keepsafe/aiohttp__e51fb1ff,attrs__dataclasses__keepsafe/aiohttp__e51fb1ff__aiohttp/web_ws.py,,
A39,noisyboiler/wampy,f87f7bee3363567132240caac62c8a3f8148a8fe,eventlet,gevent,test/helpers.py,5:5,,eventlet,gevent,import,import,one-to-one,full statement replacement,,https://github.com/noisyboiler/wampy/commit/f87f7bee3363567132240caac62c8a3f8148a8fe,eventlet__gevent__noisyboiler/wampy__f87f7bee,eventlet__gevent__noisyboiler/wampy__f87f7bee__test/helpers.py,"5,11,19","5,11,19"
A40,noisyboiler/wampy,f87f7bee3363567132240caac62c8a3f8148a8fe,eventlet,gevent,test/helpers.py,13:13,,Timeout,Timeout,function call,function call,one-to-one,no properties,Correct line is 11:11,https://github.com/noisyboiler/wampy/commit/f87f7bee3363567132240caac62c8a3f8148a8fe,eventlet__gevent__noisyboiler/wampy__f87f7bee,eventlet__gevent__noisyboiler/wampy__f87f7bee__test/helpers.py,,
A41,noisyboiler/wampy,f87f7bee3363567132240caac62c8a3f8148a8fe,eventlet,gevent,test/helpers.py,18:18,,sleep,sleep,function call,function call,one-to-one,no properties,Correct line is 19:19,https://github.com/noisyboiler/wampy/commit/f87f7bee3363567132240caac62c8a3f8148a8fe,eventlet__gevent__noisyboiler/wampy__f87f7bee,eventlet__gevent__noisyboiler/wampy__f87f7bee__test/helpers.py,,
A42,noisyboiler/wampy,f87f7bee3363567132240caac62c8a3f8148a8fe,eventlet,gevent,test/helpers.py,22:22,no code changes,,,,,,,"Incorrect file path. Correct is testing/helpers.py, which exists below.",https://github.com/noisyboiler/wampy/commit/f87f7bee3363567132240caac62c8a3f8148a8fe,eventlet__gevent__noisyboiler/wampy__f87f7bee,eventlet__gevent__noisyboiler/wampy__f87f7bee__test/helpers.py,,
A43,noisyboiler/wampy,f87f7bee3363567132240caac62c8a3f8148a8fe,eventlet,gevent,test/helpers.py,27:27,no code changes,,,,,,,"Incorrect file path. Correct is testing/helpers.py, which exists below.",https://github.com/noisyboiler/wampy/commit/f87f7bee3363567132240caac62c8a3f8148a8fe,eventlet__gevent__noisyboiler/wampy__f87f7bee,eventlet__gevent__noisyboiler/wampy__f87f7bee__test/helpers.py,,
A44,noisyboiler/wampy,f87f7bee3363567132240caac62c8a3f8148a8fe,eventlet,gevent,test/helpers.py,31:31,no code changes,,,,,,,"Incorrect file path. Correct is testing/helpers.py, which exists below.",https://github.com/noisyboiler/wampy/commit/f87f7bee3363567132240caac62c8a3f8148a8fe,eventlet__gevent__noisyboiler/wampy__f87f7bee,eventlet__gevent__noisyboiler/wampy__f87f7bee__test/helpers.py,,
A45,noisyboiler/wampy,f87f7bee3363567132240caac62c8a3f8148a8fe,eventlet,gevent,test/helpers.py,33:33,no code changes,,,,,,,"Incorrect file path. Correct is testing/helpers.py, which exists below.",https://github.com/noisyboiler/wampy/commit/f87f7bee3363567132240caac62c8a3f8148a8fe,eventlet__gevent__noisyboiler/wampy__f87f7bee,eventlet__gevent__noisyboiler/wampy__f87f7bee__test/helpers.py,,
A46,noisyboiler/wampy,f87f7bee3363567132240caac62c8a3f8148a8fe,eventlet,gevent,test/helpers.py,40:40,no code changes,,,,,,,"Incorrect file path. Correct is testing/helpers.py, which exists below.",https://github.com/noisyboiler/wampy/commit/f87f7bee3363567132240caac62c8a3f8148a8fe,eventlet__gevent__noisyboiler/wampy__f87f7bee,eventlet__gevent__noisyboiler/wampy__f87f7bee__test/helpers.py,,
A47,noisyboiler/wampy,f87f7bee3363567132240caac62c8a3f8148a8fe,eventlet,gevent,test/helpers.py,42:42,no code changes,,,,,,,"Incorrect file path. Correct is testing/helpers.py, which exists below.",https://github.com/noisyboiler/wampy/commit/f87f7bee3363567132240caac62c8a3f8148a8fe,eventlet__gevent__noisyboiler/wampy__f87f7bee,eventlet__gevent__noisyboiler/wampy__f87f7bee__test/helpers.py,,
A48,noisyboiler/wampy,f87f7bee3363567132240caac62c8a3f8148a8fe,eventlet,gevent,wampy/__init__.py,8:8,,eventlet,gevent.monkey,import,import,one-to-one,full statement replacement,,https://github.com/noisyboiler/wampy/commit/f87f7bee3363567132240caac62c8a3f8148a8fe,eventlet__gevent__noisyboiler/wampy__f87f7bee,eventlet__gevent__noisyboiler/wampy__f87f7bee__wampy/__init__.py,"8,25","8,25"
A49,noisyboiler/wampy,f87f7bee3363567132240caac62c8a3f8148a8fe,eventlet,gevent,wampy/__init__.py,25:25,,monkey_patch,patch_all,function call,function call,one-to-one,no properties,,https://github.com/noisyboiler/wampy/commit/f87f7bee3363567132240caac62c8a3f8148a8fe,eventlet__gevent__noisyboiler/wampy__f87f7bee,eventlet__gevent__noisyboiler/wampy__f87f7bee__wampy/__init__.py,,
A50,noisyboiler/wampy,f87f7bee3363567132240caac62c8a3f8148a8fe,eventlet,gevent,wampy/session.py,8:8-9,,eventlet,gevent; gevent.queue,import,import,one-to-many,full statement replacement,,https://github.com/noisyboiler/wampy/commit/f87f7bee3363567132240caac62c8a3f8148a8fe,eventlet__gevent__noisyboiler/wampy__f87f7bee,eventlet__gevent__noisyboiler/wampy__f87f7bee__wampy/session.py,"8,68,118,171,178,182,184,188","8-9,69,118-119,167,175"
A51,noisyboiler/wampy,f87f7bee3363567132240caac62c8a3f8148a8fe,eventlet,gevent,wampy/session.py,68:69,,Queue,Queue,function call,function call,one-to-one,no properties,,https://github.com/noisyboiler/wampy/commit/f87f7bee3363567132240caac62c8a3f8148a8fe,eventlet__gevent__noisyboiler/wampy__f87f7bee,eventlet__gevent__noisyboiler/wampy__f87f7bee__wampy/session.py,,
A52,noisyboiler/wampy,f87f7bee3363567132240caac62c8a3f8148a8fe,eventlet,gevent,wampy/session.py,118:119,,Timeout,Empty,exception,exception,one-to-one,element name change,,https://github.com/noisyboiler/wampy/commit/f87f7bee3363567132240caac62c8a3f8148a8fe,eventlet__gevent__noisyboiler/wampy__f87f7bee,eventlet__gevent__noisyboiler/wampy__f87f7bee__wampy/session.py,,
A53,noisyboiler/wampy,f87f7bee3363567132240caac62c8a3f8148a8fe,eventlet,gevent,wampy/session.py,171:167-168,,spawn,spawn,function call,function call,one-to-one,no properties,,https://github.com/noisyboiler/wampy/commit/f87f7bee3363567132240caac62c8a3f8148a8fe,eventlet__gevent__noisyboiler/wampy__f87f7bee,eventlet__gevent__noisyboiler/wampy__f87f7bee__wampy/session.py,,
A54,noisyboiler/wampy,f87f7bee3363567132240caac62c8a3f8148a8fe,eventlet,gevent,wampy/session.py,178:175,,spawn,spawn,function call,function call,one-to-one,no properties,,https://github.com/noisyboiler/wampy/commit/f87f7bee3363567132240caac62c8a3f8148a8fe,eventlet__gevent__noisyboiler/wampy__f87f7bee,eventlet__gevent__noisyboiler/wampy__f87f7bee__wampy/session.py,,
A55,noisyboiler/wampy,f87f7bee3363567132240caac62c8a3f8148a8fe,eventlet,gevent,wampy/testing/helpers.py,5:5,,eventlet,gevent,import,import,one-to-one,full statement replacement,,https://github.com/noisyboiler/wampy/commit/f87f7bee3363567132240caac62c8a3f8148a8fe,eventlet__gevent__noisyboiler/wampy__f87f7bee,eventlet__gevent__noisyboiler/wampy__f87f7bee__wampy/testing/helpers.py,"5,13,18,22,27,31,33,40,42","5,13,18,22,27,31,33,40,42"
A56,noisyboiler/wampy,f87f7bee3363567132240caac62c8a3f8148a8fe,eventlet,gevent,wampy/testing/helpers.py,13:13,,Timeout,Timeout,function call,function call,one-to-one,no properties,,https://github.com/noisyboiler/wampy/commit/f87f7bee3363567132240caac62c8a3f8148a8fe,eventlet__gevent__noisyboiler/wampy__f87f7bee,eventlet__gevent__noisyboiler/wampy__f87f7bee__wampy/testing/helpers.py,,
A57,noisyboiler/wampy,f87f7bee3363567132240caac62c8a3f8148a8fe,eventlet,gevent,wampy/testing/helpers.py,18:18,,sleep,sleep,function call,function call,one-to-one,argument addition,,https://github.com/noisyboiler/wampy/commit/f87f7bee3363567132240caac62c8a3f8148a8fe,eventlet__gevent__noisyboiler/wampy__f87f7bee,eventlet__gevent__noisyboiler/wampy__f87f7bee__wampy/testing/helpers.py,,
A58,noisyboiler/wampy,f87f7bee3363567132240caac62c8a3f8148a8fe,eventlet,gevent,wampy/testing/helpers.py,22:22,,Timeout,Timeout,function call,function call,one-to-one,no properties,,https://github.com/noisyboiler/wampy/commit/f87f7bee3363567132240caac62c8a3f8148a8fe,eventlet__gevent__noisyboiler/wampy__f87f7bee,eventlet__gevent__noisyboiler/wampy__f87f7bee__wampy/testing/helpers.py,,
A59,noisyboiler/wampy,f87f7bee3363567132240caac62c8a3f8148a8fe,eventlet,gevent,wampy/testing/helpers.py,27:27,,sleep,sleep,function call,function call,one-to-one,argument addition,,https://github.com/noisyboiler/wampy/commit/f87f7bee3363567132240caac62c8a3f8148a8fe,eventlet__gevent__noisyboiler/wampy__f87f7bee,eventlet__gevent__noisyboiler/wampy__f87f7bee__wampy/testing/helpers.py,,
A60,noisyboiler/wampy,f87f7bee3363567132240caac62c8a3f8148a8fe,eventlet,gevent,wampy/testing/helpers.py,31:31,,Timeout,Timeout,function call,function call,one-to-one,no properties,,https://github.com/noisyboiler/wampy/commit/f87f7bee3363567132240caac62c8a3f8148a8fe,eventlet__gevent__noisyboiler/wampy__f87f7bee,eventlet__gevent__noisyboiler/wampy__f87f7bee__wampy/testing/helpers.py,,
A61,noisyboiler/wampy,f87f7bee3363567132240caac62c8a3f8148a8fe,eventlet,gevent,wampy/testing/helpers.py,33:33,,sleep,sleep,function call,function call,one-to-one,argument addition,,https://github.com/noisyboiler/wampy/commit/f87f7bee3363567132240caac62c8a3f8148a8fe,eventlet__gevent__noisyboiler/wampy__f87f7bee,eventlet__gevent__noisyboiler/wampy__f87f7bee__wampy/testing/helpers.py,,
A62,noisyboiler/wampy,f87f7bee3363567132240caac62c8a3f8148a8fe,eventlet,gevent,wampy/testing/helpers.py,40:40,,Timeout,Timeout,function call,function call,one-to-one,no properties,,https://github.com/noisyboiler/wampy/commit/f87f7bee3363567132240caac62c8a3f8148a8fe,eventlet__gevent__noisyboiler/wampy__f87f7bee,eventlet__gevent__noisyboiler/wampy__f87f7bee__wampy/testing/helpers.py,,
A63,noisyboiler/wampy,f87f7bee3363567132240caac62c8a3f8148a8fe,eventlet,gevent,wampy/testing/helpers.py,42:42,,sleep,sleep,function call,function call,one-to-one,argument addition,,https://github.com/noisyboiler/wampy/commit/f87f7bee3363567132240caac62c8a3f8148a8fe,eventlet__gevent__noisyboiler/wampy__f87f7bee,eventlet__gevent__noisyboiler/wampy__f87f7bee__wampy/testing/helpers.py,,
A64,noisyboiler/wampy,f87f7bee3363567132240caac62c8a3f8148a8fe,eventlet,gevent,wampy/transports/websocket/connection.py,12:12,,eventlet,gevent,import,import,one-to-one,full statement replacement,,https://github.com/noisyboiler/wampy/commit/f87f7bee3363567132240caac62c8a3f8148a8fe,eventlet__gevent__noisyboiler/wampy__f87f7bee,eventlet__gevent__noisyboiler/wampy__f87f7bee__wampy/transports/websocket/connection.py,"12,72,153,155,211","12,72,153,155,211"
A65,noisyboiler/wampy,f87f7bee3363567132240caac62c8a3f8148a8fe,eventlet,gevent,wampy/transports/websocket/connection.py,72:72,,GreenletExit,GreenletExit,class object,class object,one-to-one,no properties,,https://github.com/noisyboiler/wampy/commit/f87f7bee3363567132240caac62c8a3f8148a8fe,eventlet__gevent__noisyboiler/wampy__f87f7bee,eventlet__gevent__noisyboiler/wampy__f87f7bee__wampy/transports/websocket/connection.py,,
A66,noisyboiler/wampy,f87f7bee3363567132240caac62c8a3f8148a8fe,eventlet,gevent,wampy/transports/websocket/connection.py,153:153,,Timeout,Timeout,function call,function call,one-to-one,no properties,,https://github.com/noisyboiler/wampy/commit/f87f7bee3363567132240caac62c8a3f8148a8fe,eventlet__gevent__noisyboiler/wampy__f87f7bee,eventlet__gevent__noisyboiler/wampy__f87f7bee__wampy/transports/websocket/connection.py,,
A67,noisyboiler/wampy,f87f7bee3363567132240caac62c8a3f8148a8fe,eventlet,gevent,wampy/transports/websocket/connection.py,155:155,,Timeout,Timeout,exception,exception,one-to-one,no properties,,https://github.com/noisyboiler/wampy/commit/f87f7bee3363567132240caac62c8a3f8148a8fe,eventlet__gevent__noisyboiler/wampy__f87f7bee,eventlet__gevent__noisyboiler/wampy__f87f7bee__wampy/transports/websocket/connection.py,,
A68,noisyboiler/wampy,f87f7bee3363567132240caac62c8a3f8148a8fe,eventlet,gevent,wampy/transports/websocket/connection.py,211:211,,sleep,sleep,function call,function call,one-to-one,argument addition,,https://github.com/noisyboiler/wampy/commit/f87f7bee3363567132240caac62c8a3f8148a8fe,eventlet__gevent__noisyboiler/wampy__f87f7bee,eventlet__gevent__noisyboiler/wampy__f87f7bee__wampy/transports/websocket/connection.py,,
A69,openstack/ironic,cbf214b5130e362f57dbe5da99f4cef1918d882d,cheetah3,jinja2,ironic/drivers/modules/pxe.py,21:25,,from Cheetah import Template,import jinja2,import,import,one-to-one,full statement replacement,,https://github.com/openstack/ironic/commit/cbf214b5130e362f57dbe5da99f4cef1918d882d,cheetah3__jinja2__openstack/ironic__cbf214b5,cheetah3__jinja2__openstack/ironic__cbf214b5__ironic/drivers/modules/pxe.py,"21,141,154","25,153-155"
A70,openstack/ironic,cbf214b5130e362f57dbe5da99f4cef1918d882d,cheetah3,jinja2,ironic/drivers/modules/pxe.py,"141,154-159:152-156",,Template.Template,Environment; get_template; render,function call,function call,one-to-many,argument transformation,,https://github.com/openstack/ironic/commit/cbf214b5130e362f57dbe5da99f4cef1918d882d,cheetah3__jinja2__openstack/ironic__cbf214b5,cheetah3__jinja2__openstack/ironic__cbf214b5__ironic/drivers/modules/pxe.py,,
A71,openstack/ironic,cbf214b5130e362f57dbe5da99f4cef1918d882d,cheetah3,jinja2,ironic/nova/tilera.py,55:25,,from Cheetah import Template,import jinja2,import,import,one-to-one,full statement replacement,,https://github.com/openstack/ironic/commit/cbf214b5130e362f57dbe5da99f4cef1918d882d,cheetah3__jinja2__openstack/ironic__cbf214b5,cheetah3__jinja2__openstack/ironic__cbf214b5__ironic/nova/tilera.py,"49,54-57","25,78-80"
A72,openstack/ironic,cbf214b5130e362f57dbe5da99f4cef1918d882d,cheetah3,jinja2,ironic/nova/tilera.py,rest of the file,,Template.Template,Environment; get_template; render,function call,function call,one-to-many,argument transformation,,https://github.com/openstack/ironic/commit/cbf214b5130e362f57dbe5da99f4cef1918d882d,cheetah3__jinja2__openstack/ironic__cbf214b5,cheetah3__jinja2__openstack/ironic__cbf214b5__ironic/nova/tilera.py,,
A73,shingetsu/saku,d1ad50a9baedf58b37fd8527c09d9b0668d59013,cheetah3,jinja2,shingetsu/template.py,34:32,,Cheetah.Template,jinja2,import,import,one-to-one,full statement replacement,,https://github.com/shingetsu/saku/commit/d1ad50a9baedf58b37fd8527c09d9b0668d59013,cheetah3__jinja2__shingetsu/saku__d1ad50a9,cheetah3__jinja2__shingetsu/saku__d1ad50a9__shingetsu/template.py,"34,72","32,39,56-57,67"
A74,shingetsu/saku,d1ad50a9baedf58b37fd8527c09d9b0668d59013,cheetah3,jinja2,shingetsu/template.py,rest of the file,,Template.compile,Environment; get_template; render,function call,function call,one-to-many,argument transformation,,https://github.com/shingetsu/saku/commit/d1ad50a9baedf58b37fd8527c09d9b0668d59013,cheetah3__jinja2__shingetsu/saku__d1ad50a9,cheetah3__jinja2__shingetsu/saku__d1ad50a9__shingetsu/template.py,,
A75,whoopinc/mkwheelhouse,54806ffc8eddb19cb4b603a380a2f1126eaae84e,botocore,boto,mkwheelhouse.py,12:13-14,,botocore.session,boto; boto.s3.connection,import,import,one-to-many,full statement replacement,,https://github.com/whoopinc/mkwheelhouse/commit/54806ffc8eddb19cb4b603a380a2f1126eaae84e,botocore__boto__whoopinc/mkwheelhouse__54806ffc,botocore__boto__whoopinc/mkwheelhouse__54806ffc__mkwheelhouse.py,"12,19","13-14,25,27-28,54-55,57,66,68,70,72,75,80-82"
A76,whoopinc/mkwheelhouse,54806ffc8eddb19cb4b603a380a2f1126eaae84e,botocore,boto,mkwheelhouse.py,19:25-28,,get_session; get_service,connect_to_region; get_bucket,function call,function call,many-to-many,argument transformation; argument addition,,https://github.com/whoopinc/mkwheelhouse/commit/54806ffc8eddb19cb4b603a380a2f1126eaae84e,botocore__boto__whoopinc/mkwheelhouse__54806ffc,botocore__boto__whoopinc/mkwheelhouse__54806ffc__mkwheelhouse.py,,
A77,whoopinc/mkwheelhouse,54806ffc8eddb19cb4b603a380a2f1126eaae84e,botocore,boto,mkwheelhouse.py,23-28:32-51,,get_endpoint; get_operation; call,,function call,,many-to-zero,no properties,,https://github.com/whoopinc/mkwheelhouse/commit/54806ffc8eddb19cb4b603a380a2f1126eaae84e,botocore__boto__whoopinc/mkwheelhouse__54806ffc,botocore__boto__whoopinc/mkwheelhouse__54806ffc__mkwheelhouse.py,,
A78,whoopinc/mkwheelhouse,54806ffc8eddb19cb4b603a380a2f1126eaae84e,botocore,boto,mkwheelhouse.py,34:62,not MR,,,,,,,,https://github.com/whoopinc/mkwheelhouse/commit/54806ffc8eddb19cb4b603a380a2f1126eaae84e,botocore__boto__whoopinc/mkwheelhouse__54806ffc,botocore__boto__whoopinc/mkwheelhouse__54806ffc__mkwheelhouse.py,,
A79,zalando/spilo,a83681c756fe8dfc8e5117c690bde16319e3e943,botocore,boto,postgres-appliance/callback_aws.py,9:3-4,,import boto3; from botocore.exceptions import ClientError,import boto.ec2; import boto.utils,import,import,many-to-many,full statement replacement,"MR code: 3,9:3-4",https://github.com/zalando/spilo/commit/a83681c756fe8dfc8e5117c690bde16319e3e943,botocore__boto__zalando/spilo__a83681c7,botocore__boto__zalando/spilo__a83681c7__postgres-appliance/callback_aws.py,"9,22","3-4,29,64"
A80,zalando/spilo,a83681c756fe8dfc8e5117c690bde16319e3e943,botocore,boto,postgres-appliance/callback_aws.py,22:18,,ClientError,BotoServerError,exception,exception,one-to-one,element name change,,https://github.com/zalando/spilo/commit/a83681c756fe8dfc8e5117c690bde16319e3e943,botocore__boto__zalando/spilo__a83681c7,botocore__boto__zalando/spilo__a83681c7__postgres-appliance/callback_aws.py,,
A81,zalando/spilo,a83681c756fe8dfc8e5117c690bde16319e3e943,botocore,boto,postgres-appliance/callback_aws.py,26:,,RequestException,,exception,,one-to-zero,no properties,,https://github.com/zalando/spilo/commit/a83681c756fe8dfc8e5117c690bde16319e3e943,botocore__boto__zalando/spilo__a83681c7,botocore__boto__zalando/spilo__a83681c7__postgres-appliance/callback_aws.py,,
A82,zalando/spilo,a83681c756fe8dfc8e5117c690bde16319e3e943,botocore,boto,postgres-appliance/callback_aws.py,:29,,,get_instance_identity,,function call,zero-to-one,no properties,,https://github.com/zalando/spilo/commit/a83681c756fe8dfc8e5117c690bde16319e3e943,botocore__boto__zalando/spilo__a83681c7,botocore__boto__zalando/spilo__a83681c7__postgres-appliance/callback_aws.py,,