,combination,# migs,% migs,comb size,what is with FC
1,function call -> function call | elemNC,21,8.203125,1,just function call with elemNC
2,function call -> function call | no properties,18,7.03125,1,just function call without properties
3,"function call -> function call | argTrans, elemNC",11,4.296875,1,"just function call with argument changes
just function call with elemNC"
4,"function call -> function call | argAdd, argDel, elemNC",8,3.125,1,"just function call with argument changes
just function call with elemNC"
5,"function call -> function call | elemNC, outTrans",4,1.5625,1,"just function call with elemNC
just function call with outTrans"
6,"function call -> function call | argDel, elemNC",4,1.5625,1,"just function call with argument changes
just function call with elemNC"
7,function call -> function call | argAdd,4,1.5625,1,just function call with argument changes
8,"function call -> function call | argAdd, elemNC",4,1.5625,1,"just function call with argument changes
just function call with elemNC"
9,function call -> function call | argTrans,4,1.5625,1,just function call with argument changes
10,decorator -> decorator | argTrans,3,1.171875,1,does not have function call
11,"function call -> function call | elemNC
function call -> function call | no properties",3,1.171875,2,just function call with elemNC
12,function call -> function call | argDel,3,1.171875,1,just function call with argument changes
13,"attribute -> attribute | no properties
function call -> function call | no properties",2,0.78125,2,attribute in different cc
14,"function call -> function call | argDel, elemNC
function call -> function call | elemNC",2,0.78125,2,"just function call with argument changes
just function call with elemNC"
15,"function call -> function call | argAdd, argDel, elemNC
function call -> function call | argAdd, elemNC",2,0.78125,2,"just function call with argument changes
just function call with elemNC"
16,"function call -> none | no properties
none -> function call | no properties",2,0.78125,2,just function call without properties
17,exception -> exception | elemNC,2,0.78125,1,does not have function call
18,"function call -> function call | argDel, argTrans, elemNC",2,0.78125,1,"just function call with argument changes
just function call with elemNC"
19,function call -> none | no properties,2,0.78125,1,just function call without properties
20,type -> type | elemNC,2,0.78125,1,does not have function call
21,"function call -> attribute | elemNC
function call -> function call | argAdd, elemNC",2,0.78125,2,attribute in same cc
22,"function call -> function call | asyncTrans
function call -> function call | asyncTrans, elemNC",2,0.78125,2,"just function call with asyncTrans
just function call with elemNC"
23,"exception -> exception | elemNC
function call -> function call | argAdd, elemNC",2,0.78125,2,exception in different cc
24,"function call -> function call | argAdd, argTrans, elemNC",2,0.78125,1,"just function call with argument changes
just function call with elemNC"
25,"function call -> function call | argAdd, elemNC
function call -> function call | elemNC",2,0.78125,2,"just function call with argument changes
just function call with elemNC"
26,"decorator -> decorator | no properties
function call -> function call | no properties",2,0.78125,2,decorator in different cc
27,"attribute -> attribute | no properties
function call -> function call | no properties
type -> type | no properties",1,0.390625,3,"attribute in different cc
type in different cc"
28,"function call -> function call | argAdd, argDel, argTrans, elemNC
function call -> function call | elemNC",1,0.390625,2,"just function call with argument changes
just function call with elemNC"
29,"attribute -> attribute | no properties
function call -> function call | argAdd, argTrans, elemNC
function call -> function call | argNC, elemNC
function call -> function call | elemNC
none -> attribute | no properties",1,0.390625,5,attribute in different cc
30,"function call -> function call | argAdd, argTrans, elemNC
function call -> function call | argDel, argTrans, elemNC
function call -> function call | elemNC
type -> type | elemNC",1,0.390625,4,type in different cc
31,"function call -> function call | argAdd, argTrans, elemNC
function call -> function call | argAdd, elemNC
function call -> function call | elemNC
function call -> none | no properties
none -> exception | no properties
none -> function call | no properties
none -> type | no properties
type -> type | elemNC
type -> type | no properties",1,0.390625,9,"exception in different cc
type in different cc"
32,"function call -> function call | argAdd, argDel, argTrans, elemNC
function call -> function call | argAdd, argTrans, elemNC
function call -> function call | elemNC
function call -> none | no properties",1,0.390625,4,"just function call with argument changes
just function call with elemNC"
33,"function call -> function call | argAdd, argTrans
function call -> function call | argAdd, argTrans, elemNC
function call -> function call | elemNC",1,0.390625,3,"just function call with argument changes
just function call with elemNC"
34,"function call -> function call | argAdd, argTrans, elemNC
function call -> function call | elemNC
function call -> none | no properties",1,0.390625,3,"just function call with argument changes
just function call with elemNC"
35,"function call -> function call | argAdd, argNC, elemNC
function call -> function call | argAdd, argTrans, elemNC
function call -> function call | elemNC
function call -> function call | no properties
function call -> none | no properties
none -> function call | no properties",1,0.390625,6,"just function call with argument changes
just function call with elemNC"
36,"attribute -> attribute | elemNC
function call -> function call | argAdd, argDel, argTrans, elemNC
function call -> function call | argAdd, argTrans, elemNC
function call -> function call | elemNC
function call -> none | no properties
none -> exception | no properties
type -> type | elemNC
type -> type | no properties",1,0.390625,8,"attribute in different cc
exception in different cc
type in different cc"
37,"function call -> function call | argAdd, argTrans, elemNC
function call -> function call | elemNC
function reference -> function reference | elemNC",1,0.390625,3,function reference in different cc
38,"function call -> function call | argAdd, argTrans, elemNC
function call -> function call | elemNC
function call -> none | no properties
none -> function call | no properties",1,0.390625,4,"just function call with argument changes
just function call with elemNC"
39,"attribute, function call -> function call | elemNC",1,0.390625,1,attribute in same cc
40,"exception -> exception | elemNC
exception -> none | no properties
function call -> attribute, function call | elemNC
function call -> function call | elemNC
type -> type | elemNC",1,0.390625,5,"attribute in same cc
exception in different cc
type in different cc"
41,"function call -> function call | elemNC
none -> exception | no properties",1,0.390625,2,exception in different cc
42,"function call -> function call | elemNC, outTrans
function call -> function call | no properties",1,0.390625,2,"just function call with elemNC
just function call with outTrans"
43,"attribute -> attribute | elemNC
function call -> function call | argAdd, argNC, argTrans, elemNC
function call -> function call | argAdd, argNC, elemNC
function call -> function call | no properties
function call -> none | no properties",1,0.390625,5,attribute in different cc
44,"function call -> function call | no properties
type -> type | no properties",1,0.390625,2,type in different cc
45,"attribute -> attribute | no properties
function call -> function call | no properties
none -> attribute | no properties
none -> function call | no properties
type -> type | no properties",1,0.390625,5,"attribute in different cc
type in different cc"
46,"function call -> function call | argAdd, argDel, elemNC
function call -> none | no properties
none -> function call | no properties",1,0.390625,3,"just function call with argument changes
just function call with elemNC"
47,"none -> function call | no properties
none -> type | no properties",1,0.390625,2,does not have function call
48,"function call -> function call | argDel, elemNC
function call -> none | no properties",1,0.390625,2,"just function call with argument changes
just function call with elemNC"
49,"function call -> function call | argNC, elemNC
function call -> function call | argTrans
none -> function call | no properties",1,0.390625,3,"just function call with argument changes
just function call with elemNC"
50,"attribute, function call -> function call | argAdd, elemNC",1,0.390625,1,attribute in same cc
51,"function call -> function call | argAdd, argTrans, elemNC
function call -> function call | argAdd, elemNC",1,0.390625,2,"just function call with argument changes
just function call with elemNC"
52,"function call -> function call | argAdd, argTrans, elemNC
function call -> function call | argTrans, elemNC",1,0.390625,2,"just function call with argument changes
just function call with elemNC"
53,"function call -> function call | argTrans, elemNC
function call -> function call | elemNC",1,0.390625,2,"just function call with argument changes
just function call with elemNC"
54,"function call -> attribute | argTrans, elemNC
function call -> function call | argTrans, elemNC",1,0.390625,2,attribute in same cc
55,"attribute -> attribute | elemNC
exception -> exception | elemNC
function call -> function call | elemNC",1,0.390625,3,"attribute in different cc
exception in different cc"
56,"exception -> exception | elemNC
function call -> attribute | elemNC
function call -> function call | argAdd, argDel
function call -> function call | argAdd, argDel, argTrans
function call -> function call | argAdd, argDel, argTrans, elemNC
none -> function call | no properties",1,0.390625,6,"attribute in same cc
exception in different cc"
57,"function call -> function call | argNC, elemNC",1,0.390625,1,"just function call with argument changes
just function call with elemNC"
58,"attribute -> function call | asyncTrans, elemNC
function call -> function call | argAdd, asyncTrans, elemNC",1,0.390625,2,attribute in different cc
59,"function call -> attribute | asyncTrans, elemNC
function call -> function call | asyncTrans, elemNC",1,0.390625,2,attribute in same cc
60,"attribute -> attribute | elemNC
function call -> attribute | elemNC, outTrans
function call -> function call | argAdd, argNC, elemNC
function call -> function call | argAdd, elemNC",1,0.390625,4,"attribute in different cc
attribute in same cc"
61,"decorator -> decorator | argAdd, argNC, argTrans",1,0.390625,1,does not have function call
62,"decorator -> decorator | argTrans
function call -> function call | argTrans",1,0.390625,2,decorator in different cc
63,"exception -> exception | elemNC
function call -> function call | argDel
function call -> function call | no properties",1,0.390625,3,exception in different cc
64,"attribute -> attribute | elemNC, outTrans
attribute -> attribute | outTrans
exception -> exception | elemNC
function call -> function call | argNC, argTrans
function call -> function call | argNC, elemNC
function call -> function call | elemNC",1,0.390625,6,"attribute in different cc
exception in different cc"
65,"function call -> function call | argAdd
function call -> function call | argAdd, argNC
function call -> function call | argAdd, argNC, argTrans
function call -> function call | argAdd, argTrans
function call -> function call | elemNC",1,0.390625,5,"just function call with argument changes
just function call with elemNC"
66,"function call -> attribute | elemNC
function call -> attribute | elemNC, outTrans
function call -> function call | argAdd, argDel, argTrans, elemNC
function call -> function call | argTrans, elemNC, outTrans",1,0.390625,4,attribute in same cc
67,"function call -> function call | argDel
function call -> function call | argTrans",1,0.390625,2,just function call with argument changes
68,"function call -> attribute, function call | argDel, elemNC
function call -> none | no properties",1,0.390625,2,attribute in same cc
69,"exception -> exception | no properties
function call -> function call | argDel, elemNC",1,0.390625,2,exception in different cc
70,"attribute -> none | no properties
exception -> exception | elemNC
function call -> none | no properties
none -> exception | no properties
none -> function call | no properties",1,0.390625,5,"attribute in different cc
exception in different cc"
71,none -> function call | no properties,1,0.390625,1,just function call without properties
72,"function call -> function call | argAdd, argDel, elemNC
function call -> function call | argAdd, argTrans, elemNC
function call -> function call | argDel, elemNC
function call -> none | no properties
none -> function call | no properties",1,0.390625,5,"just function call with argument changes
just function call with elemNC"
73,"attribute -> attribute | elemNC
attribute -> attribute | no properties
type -> type | elemNC",1,0.390625,3,does not have function call
74,"attribute -> attribute | elemNC
function call -> function call | asyncTrans, elemNC
function call -> function call | no properties",1,0.390625,3,attribute in different cc
75,"attribute -> attribute | elemNC
attribute -> attribute | no properties
function call -> function call | asyncTrans
function call -> function call | asyncTrans, elemNC",1,0.390625,4,attribute in different cc
76,"attribute -> attribute | elemNC
attribute -> function call | asyncTrans
function call -> function call | argDel, argTrans
function call -> function call | argDel, asyncTrans
function call -> function call | asyncTrans",1,0.390625,5,attribute in different cc
77,"function call -> function call | asyncTrans, elemNC, outTrans",1,0.390625,1,"just function call with asyncTrans
just function call with elemNC
just function call with outTrans"
78,"decorator -> decorator | elemNC
function call -> function call | argAdd
function call -> function call | elemNC
function call -> function call | no properties
function call -> none | no properties
none -> function call | no properties",1,0.390625,6,decorator in different cc
79,"attribute -> attribute | no properties
attribute -> function call | elemNC
attribute -> function call | no properties
function call -> function call | argTrans
function call -> function call | elemNC",1,0.390625,5,attribute in different cc
80,"function call -> function call | argAdd, argTrans, elemNC
function call -> function call | elemNC",1,0.390625,2,"just function call with argument changes
just function call with elemNC"
81,"function call -> function call | argAdd, argTrans",1,0.390625,1,just function call with argument changes
82,"function call -> function call | argAdd
function call -> none | no properties",1,0.390625,2,just function call with argument changes
83,"type -> none | no properties
type -> type | elemNC",1,0.390625,2,does not have function call
84,type -> type | no properties,1,0.390625,1,does not have function call
85,"none -> function call | no properties
none -> type | no properties
type -> type | no properties",1,0.390625,3,does not have function call
86,"attribute -> attribute | elemNC
function call -> function call | argAdd, argTrans, elemNC",1,0.390625,2,attribute in different cc
87,"function call -> attribute, function call | elemNC
function call -> function call | elemNC
function call -> none | no properties",1,0.390625,3,attribute in same cc
88,"function call -> function call | argAdd, elemNC
function call -> function call | argTrans, elemNC
function call -> function call | elemNC",1,0.390625,3,"just function call with argument changes
just function call with elemNC"
89,"function call -> function call | argAdd, elemNC
function call -> function call | argTrans, elemNC
function call -> none | no properties",1,0.390625,3,"just function call with argument changes
just function call with elemNC"
90,"function call -> function call | argAdd, argDel, argTrans, asyncTrans, elemNC
function call -> function call | argTrans, asyncTrans
function call -> function call | asyncTrans",1,0.390625,3,"just function call with argument changes
just function call with asyncTrans
just function call with elemNC"
91,function call -> attribute | elemNC,1,0.390625,1,attribute in same cc
92,"attribute -> attribute | elemNC
attribute -> none | no properties
function call -> function call | argDel, argTrans, elemNC",1,0.390625,3,attribute in different cc
93,"attribute, function call -> function call | elemNC, outTrans
exception -> none | no properties
function call -> attribute, function call | elemNC
function call -> function call | elemNC
function reference -> function reference | elemNC",1,0.390625,5,"attribute in same cc
exception in different cc
function reference in different cc"
94,"function call -> function call | argAdd, argDel
function call -> function call | elemNC",1,0.390625,2,"just function call with argument changes
just function call with elemNC"
95,"function call -> function call | no properties
none -> attribute | no properties",1,0.390625,2,attribute in different cc
96,"attribute, function call -> function call | elemNC
function call -> function call | no properties",1,0.390625,2,attribute in same cc
97,"function call -> function call | argAdd, argDel, elemNC
function call -> none | no properties",1,0.390625,2,"just function call with argument changes
just function call with elemNC"
98,"decorator -> decorator | elemNC
decorator -> none | no properties
function call -> function call | argTrans, elemNC
function call -> none | no properties",1,0.390625,4,decorator in different cc
99,"decorator -> decorator | argDel, elemNC
function call -> function call | elemNC",1,0.390625,2,decorator in different cc
100,"decorator -> decorator | argAdd, argDel, elemNC
decorator -> decorator | argDel, elemNC
function call -> function call | argTrans, elemNC
function call -> function call | elemNC",1,0.390625,4,decorator in different cc
101,"decorator -> decorator | argNC, elemNC
decorator -> decorator | elemNC
function call -> function call | argNC, elemNC
function call -> function call | elemNC
function call -> none | no properties",1,0.390625,5,decorator in different cc
102,"function call -> function call | argAdd, elemNC
function call -> function call | elemNC
function call -> function call | no properties",1,0.390625,3,"just function call with argument changes
just function call with elemNC"
103,"decorator -> decorator | no properties
function call -> attribute, function call | argTrans, elemNC
function call -> function call | argAdd, elemNC",1,0.390625,3,"attribute in same cc
decorator in different cc"
104,"function call -> function call | argAdd, elemNC
function call -> function call | argDel, elemNC
function call -> function call | argTrans, elemNC",1,0.390625,3,"just function call with argument changes
just function call with elemNC"
105,"function call -> function call | elemNC
function call -> function call | no properties
type -> type | elemNC",1,0.390625,3,type in different cc
106,"decorator -> decorator | argDel, argNC, elemNC
decorator -> decorator | argDel, elemNC
decorator, function call -> decorator | argDel, elemNC
function call -> function call | argDel, argNC, argTrans, elemNC
function call -> function call | argDel, argNC, elemNC
none -> function call | no properties",1,0.390625,6,"decorator in different cc
decorator in same cc"
107,"decorator -> function call | argAdd, elemNC
decorator -> none | no properties
none -> function call | no properties",1,0.390625,3,does not have function call
108,"decorator -> function call | argAdd, argDel, argTrans, elemNC
decorator -> function call | argAdd, argDel, elemNC
decorator -> function call | argAdd, elemNC
decorator -> function call | argDel, argTrans, elemNC
decorator -> none | no properties
none -> attribute | no properties
none -> function call | no properties",1,0.390625,7,does not have function call
109,"decorator -> function call | argAdd, argDel, argTrans, elemNC
decorator -> function call | argAdd, argDel, elemNC
decorator -> function call | argDel, elemNC
decorator -> none | no properties
function call -> none | no properties
none -> function call | no properties",1,0.390625,6,decorator in different cc
110,"function call -> function call | argAdd, argDel, argTrans, elemNC",1,0.390625,1,"just function call with argument changes
just function call with elemNC"
111,"exception -> exception | no properties
function call -> function call | no properties",1,0.390625,2,exception in different cc
112,"function call -> function call | argAdd, elemNC
function call -> function call | argDel",1,0.390625,2,"just function call with argument changes
just function call with elemNC"
113,"function call -> decorator | argAdd, argDel, argTrans, elemNC, paramAdd
function call -> decorator | argAdd, argDel, elemNC, paramAdd
function call -> decorator | argAdd, argTrans, elemNC, paramAdd
function call -> decorator | argAdd, elemNC, paramAdd
function call -> decorator | argDel, elemNC
function call -> decorator | elemNC, paramAdd
function call -> decorator, function call | argAdd, argDel, elemNC, paramAdd
function call -> decorator, function call | argNC, argTrans, elemNC, paramAdd
function call -> decorator, function call | argTrans, elemNC, paramAdd
function call -> none | no properties
none -> decorator | no properties",1,0.390625,11,"decorator in different cc
decorator in same cc"
114,"function call -> decorator | argAdd, argDel, argTrans, elemNC, paramAdd
function call -> decorator | argDel, argTrans, elemNC, paramAdd
function call -> none | no properties
none -> decorator | no properties",1,0.390625,4,"decorator in different cc
decorator in same cc"
115,"function call -> decorator | argAdd, argDel, argTrans, elemNC
function call -> decorator | argAdd, argDel, elemNC
function call -> none | no properties
none -> decorator | no properties",1,0.390625,4,"decorator in different cc
decorator in same cc"
116,"function call -> decorator | argAdd, argDel, argTrans, elemNC, paramAdd
function call -> decorator | argDel, argTrans, elemNC, paramAdd
function call -> decorator | argTrans, elemNC, paramAdd
function call -> decorator | elemNC, paramAdd
function call -> decorator, function call | argNC, argTrans, elemNC, paramAdd
function call -> none | no properties",1,0.390625,6,decorator in same cc
117,"function call -> decorator, function call | argTrans, elemNC, paramAdd
function call -> none | no properties
none -> decorator | no properties",1,0.390625,3,"decorator in different cc
decorator in same cc"
118,"function call -> decorator | argAdd, argDel, elemNC, paramAdd
function call -> decorator | argDel, elemNC, paramAdd
function call -> none | no properties
none -> decorator | no properties",1,0.390625,4,"decorator in different cc
decorator in same cc"
119,"function call -> decorator | argAdd, elemNC
function call -> none | no properties
none -> decorator | no properties",1,0.390625,3,"decorator in different cc
decorator in same cc"
120,"function call -> decorator | argAdd, argDel, argNC, argTrans, elemNC, paramAdd
function call -> decorator | argAdd, argDel, argNC, elemNC, paramAdd
function call -> decorator | argAdd, argDel, argTrans, elemNC, paramAdd
function call -> decorator | argAdd, argDel, elemNC, paramAdd
function call -> decorator | argAdd, argNC, elemNC, paramAdd
function call -> decorator | argAdd, elemNC, paramAdd
function call -> decorator | argDel, argNC, elemNC, paramAdd
function call -> decorator | argDel, argTrans, elemNC, paramAdd
function call -> decorator | argDel, elemNC, paramAdd
function call -> decorator, function call | argAdd, argDel, argTrans, elemNC, paramAdd
function call -> function call | elemNC
function call -> none | no properties
none -> decorator | no properties",1,0.390625,13,"decorator in different cc
decorator in same cc"
121,"function call -> decorator | argAdd, argDel, argTrans, elemNC, paramAdd
function call -> decorator | argAdd, argDel, elemNC, paramAdd
function call -> decorator | argDel, elemNC, paramAdd
function call -> decorator, function call | argAdd, argDel, elemNC, paramAdd
function call -> decorator, function call | argDel, argTrans, elemNC, paramAdd
function call -> none | no properties
none -> decorator | no properties",1,0.390625,7,"decorator in different cc
decorator in same cc"
122,"function call -> decorator | argAdd, argDel, elemNC, paramAdd
function call -> decorator | argDel, elemNC
function call -> decorator | argDel, elemNC, paramAdd
function call -> none | no properties
none -> decorator | no properties",1,0.390625,5,"decorator in different cc
decorator in same cc"
123,"function call -> decorator | argAdd, argDel, elemNC, paramAdd
function call -> decorator | argTrans, elemNC, paramAdd
function call -> decorator | elemNC, paramAdd
function call -> none | no properties
none -> decorator | no properties",1,0.390625,5,"decorator in different cc
decorator in same cc"
124,"function call -> decorator | argAdd, elemNC, paramAdd
function call -> none | no properties
none -> decorator | no properties",1,0.390625,3,"decorator in different cc
decorator in same cc"
125,"function call -> decorator | argAdd, argDel, argTrans, elemNC, paramAdd
function call -> none | no properties",1,0.390625,2,decorator in same cc
126,"function call -> decorator | argAdd, argDel, argTrans, elemNC
function call -> decorator | argAdd, argDel, argTrans, elemNC, paramAdd
function call -> decorator | argAdd, argDel, elemNC, paramAdd
function call -> decorator | argAdd, elemNC
function call -> decorator | argDel, argTrans, elemNC
function call -> decorator | argDel, argTrans, elemNC, paramAdd
function call -> decorator | argDel, elemNC
function call -> decorator | argDel, elemNC, paramAdd
function call -> decorator, function call | argAdd, argDel, elemNC, paramAdd
function call -> decorator, function call | argDel, argTrans, elemNC, paramAdd
function call -> none | no properties",1,0.390625,11,decorator in same cc
127,"function call -> decorator | argAdd, argTrans, elemNC
function call -> decorator | argDel, elemNC
function call -> decorator | argTrans, elemNC
function call -> none | no properties
none -> function call | no properties",1,0.390625,5,decorator in same cc
128,"function call -> decorator | argDel, elemNC
function call -> none | no properties
none -> decorator | no properties",1,0.390625,3,"decorator in different cc
decorator in same cc"
129,"attribute -> attribute | no properties
function call -> decorator | argDel, elemNC, paramAdd
function call -> decorator, function call | argAdd, argDel, elemNC, paramAdd
function call -> decorator, function call | argDel, argTrans, elemNC, paramAdd
function call -> none | no properties
none -> decorator | no properties",1,0.390625,6,"attribute in different cc
decorator in different cc
decorator in same cc"
130,"function call -> function call | elemNC
function call -> function call | elemNC, outTrans
function call -> function call | no properties",1,0.390625,3,"just function call with elemNC
just function call with outTrans"
131,"function call -> decorator | argAdd, argDel, argTrans, elemNC
none -> decorator | no properties
none -> function call | no properties",1,0.390625,3,"decorator in different cc
decorator in same cc"
132,"attribute -> none | no properties
function call -> attribute | elemNC
function call -> function call | argAdd, elemNC
function call -> none | no properties",1,0.390625,4,"attribute in different cc
attribute in same cc"
133,"function call -> function call | argAdd, argTrans, elemNC
function call -> function call | argAdd, elemNC
function call -> function call | argTrans
type -> type | elemNC",1,0.390625,4,type in different cc
134,"attribute -> attribute | elemNC
function call -> function call | argAdd, argNC, argTrans, elemNC",1,0.390625,2,attribute in different cc
135,"attribute -> attribute | elemNC
attribute -> function call | elemNC",1,0.390625,2,does not have function call
136,decorator -> decorator | elemNC,1,0.390625,1,does not have function call
137,"attribute -> attribute | elemNC
attribute -> attribute | no properties
function call -> function call | argAdd, elemNC
function call -> function call | no properties
function reference -> function reference | elemNC
type -> type | no properties",1,0.390625,6,"attribute in different cc
function reference in different cc
type in different cc"
138,"attribute -> attribute | elemNC
function call -> function call | argTrans
function call -> function call | argTrans, elemNC
function call -> function call | elemNC
function call -> none | no properties
none -> attribute | no properties",1,0.390625,6,attribute in different cc
139,"function call -> function call | no properties
none -> function call | no properties",1,0.390625,2,just function call without properties
140,"function call -> function call | argTrans, elemNC
function call -> none | no properties",1,0.390625,2,"just function call with argument changes
just function call with elemNC"
141,"function call -> function call | argAdd, argTrans, elemNC
function call -> function call | argDel, argTrans, elemNC
function call -> function call | argTrans, elemNC",1,0.390625,3,"just function call with argument changes
just function call with elemNC"
142,"function call -> attribute, function call | argDel, asyncTrans, elemNC
function call -> function call | argDel, elemNC",1,0.390625,2,attribute in same cc
143,"exception -> none | no properties
function call -> none | no properties
none -> decorator | no properties",1,0.390625,3,"decorator in different cc
exception in different cc"
144,"function call -> function call | elemNC
function call -> none | no properties",1,0.390625,2,just function call with elemNC
145,"none -> function reference | no properties
none -> type | no properties",1,0.390625,2,does not have function call
146,"function call -> function call | argDel, argTrans, elemNC
function call -> function call | elemNC",1,0.390625,2,"just function call with argument changes
just function call with elemNC"
147,"function call -> attribute | argAdd, elemNC
function call -> attribute | elemNC
function call -> function call | elemNC",1,0.390625,3,attribute in same cc
148,"function call -> attribute | elemNC
function call -> attribute, function call | argAdd, elemNC, outTrans
function call -> function call | argAdd, argTrans, elemNC
function call -> function call | elemNC",1,0.390625,4,attribute in same cc
149,"attribute -> attribute | elemNC
function call -> function call | elemNC, outTrans",1,0.390625,2,attribute in different cc
150,"function call -> attribute, function call | argDel, argNC, elemNC, outTrans
function call -> attribute, function call | argDel, elemNC, outTrans
function call -> attribute, function call | elemNC, outTrans",1,0.390625,3,attribute in same cc
151,"function call -> function call | argDel, argTrans, elemNC
none -> function call | no properties",1,0.390625,2,"just function call with argument changes
just function call with elemNC"
152,"attribute -> attribute | no properties
function call -> function call | elemNC
function call -> function call | no properties",1,0.390625,3,attribute in different cc
153,"function call -> function call | argDel, elemNC
function call -> function call | elemNC
function call -> function call | no properties",1,0.390625,3,"just function call with argument changes
just function call with elemNC"
154,"exception -> exception | elemNC
exception -> exception | no properties
function call -> function call | argAdd
function call -> function call | elemNC
function call -> function call | no properties",1,0.390625,5,exception in different cc
155,"function call -> function call | elemNC
none -> decorator | no properties",1,0.390625,2,decorator in different cc
156,"function call -> function call | argAdd, argTrans, elemNC
function call -> function call | argAdd, argTrans, elemNC, outTrans
function call -> function call | argAdd, elemNC
function call -> function call | argAdd, elemNC, outTrans
function call -> function call | argTrans, elemNC
function call -> function call | elemNC
none -> function call | no properties",1,0.390625,7,"just function call with argument changes
just function call with elemNC
just function call with outTrans"
157,"decorator -> decorator | no properties
function call -> none | no properties",1,0.390625,2,decorator in different cc
158,"attribute -> attribute | asyncTrans
attribute -> function call | asyncTrans, elemNC
function call -> function call | asyncTrans
function call -> function call | elemNC",1,0.390625,4,attribute in different cc
159,"function call -> function call | asyncTrans
function call -> function call | elemNC",1,0.390625,2,"just function call with asyncTrans
just function call with elemNC"
160,"function call -> attribute, function call | argDel, argNC, argTrans, elemNC
function call -> none | no properties",1,0.390625,2,attribute in same cc
161,"attribute -> attribute | asyncTrans
function call -> function call | asyncTrans
function call -> function call | elemNC",1,0.390625,3,attribute in different cc
162,"function call -> function call | argAdd, argDel",1,0.390625,1,just function call with argument changes
163,"function call -> function call | no properties
function call -> none | no properties",1,0.390625,2,just function call without properties
164,"attribute, function call -> function call | argAdd, argDel, elemNC, outTrans",1,0.390625,1,attribute in same cc
165,"exception -> none | no properties
function call -> none | no properties
function reference -> none | no properties
none -> function call | no properties",1,0.390625,4,"exception in different cc
function reference in different cc"
166,"attribute -> attribute | elemNC
function call -> function call | argDel, argTrans, elemNC
function call -> function call | elemNC",1,0.390625,3,attribute in different cc
167,"attribute -> attribute | elemNC
function call -> function call | argAdd, elemNC
function call -> none | no properties",1,0.390625,3,attribute in different cc
