source,target,repo,commit,# ccs,# files,source PEs,target PEs,properties,# PE,# props,commit URL,id
aiohttp,httpx,itzkvn/python-http-monitoring,790a4830785a2dd03686c57f5ec70a4bb1a41f22,4,1,"attribute, exception, function call","attribute, exception, function call",element name change,3,1,https://github.com/itzkvn/python-http-monitoring/commit/790a4830,aiohttp__httpx__itzkvn/python-http-monitoring__790a4830
aiohttp,httpx,sk-415/harukabot,0611d16a4cdc3f472b2c5fb265b8728e9a505d74,6,2,function call,"attribute, function call","argument deletion, async transformation, element name change",2,3,https://github.com/sk-415/harukabot/commit/0611d16a,aiohttp__httpx__sk-415/harukabot__0611d16a
aiohttp,httpx,snwmds/polemicbooksapi,69df5304ad4280033c0a01ac6631e69ba276d973,2,1,function call,function call,"argument addition, argument deletion, element name change",1,3,https://github.com/snwmds/polemicbooksapi/commit/69df5304,aiohttp__httpx__snwmds/polemicbooksapi__69df5304
argparse,click,achalddave/segment-any-moving,87160d02c8652eebf2d8a5dce572e26fa2d1ca61,9,1,function call,"decorator, function call","argument addition, argument deletion, argument name change, argument transformation, element name change, parameter addition to decorated function",2,6,https://github.com/achalddave/segment-any-moving/commit/87160d02,argparse__click__achalddave/segment-any-moving__87160d02
argparse,click,adithyabsk/keep2roam,d340eea2fdedde8908334eda34325d058fc88282,5,1,function call,"decorator, function call","argument transformation, element name change, parameter addition to decorated function",2,3,https://github.com/adithyabsk/keep2roam/commit/d340eea2,argparse__click__adithyabsk/keep2roam__d340eea2
argparse,click,amesar/mlflow-tools,431737a891b13a73ec7bdbc507fad21531f2cbf3,62,8,function call,decorator,"argument addition, argument deletion, element name change, parameter addition to decorated function",2,4,https://github.com/amesar/mlflow-tools/commit/431737a8,argparse__click__amesar/mlflow-tools__431737a8
argparse,click,ansible-community/molecule,b7d7740db482624182dd6c31600ca1c09669cfc5,4,1,function call,decorator,"argument addition, element name change",2,2,https://github.com/ansible-community/molecule/commit/b7d7740d,argparse__click__ansible-community/molecule__b7d7740d
argparse,click,clearmatics/ion,03fb3a3a307640d2fc0d4481cc3c529c8661b55c,34,4,function call,"decorator, function call","argument addition, argument deletion, argument name change, argument transformation, element name change, parameter addition to decorated function",2,6,https://github.com/clearmatics/ion/commit/03fb3a3a,argparse__click__clearmatics/ion__03fb3a3a
argparse,click,godaddy/tartufo,553dc5fb7ddef597cafda451954fa4cba23acde6,17,1,function call,"decorator, function call","argument addition, argument deletion, argument transformation, element name change, parameter addition to decorated function",2,5,https://github.com/godaddy/tartufo/commit/553dc5fb,argparse__click__godaddy/tartufo__553dc5fb
argparse,click,googlesamples/assistant-sdk-python,38e4e642cbfc2b0dd5ddf0151e87a867273f9a30,10,1,function call,decorator,"argument addition, argument deletion, argument transformation, element name change",2,4,https://github.com/googlesamples/assistant-sdk-python/commit/38e4e642,argparse__click__googlesamples/assistant-sdk-python__38e4e642
argparse,click,grahame/sedge,3badf078e2f4153db161cada1c7a23901e36ab7f,9,1,function call,decorator,"argument addition, argument deletion, element name change, parameter addition to decorated function",2,4,https://github.com/grahame/sedge/commit/3badf078,argparse__click__grahame/sedge__3badf078
argparse,click,himkt/pyner,76106a9a4202497de9719b5a5563cadd697bd3d0,6,1,function call,decorator,"argument addition, element name change, parameter addition to decorated function",2,3,https://github.com/himkt/pyner/commit/76106a9a,argparse__click__himkt/pyner__76106a9a
argparse,click,klensy/wt-tools,760ff36bab0c7b9acaf72e9cbae274b70fb3922a,3,1,function call,decorator,"argument addition, argument deletion, argument transformation, element name change, parameter addition to decorated function",2,5,https://github.com/klensy/wt-tools/commit/760ff36b,argparse__click__klensy/wt-tools__760ff36b
argparse,click,kxr/o-must-gather,9da472294ca5a598bb74cb413db0bd880f7012b2,32,1,function call,"decorator, function call","argument addition, argument deletion, argument transformation, element name change, parameter addition to decorated function",2,5,https://github.com/kxr/o-must-gather/commit/9da47229,argparse__click__kxr/o-must-gather__9da47229
argparse,click,lqez/hog,d722ade4be3cf05bf32def1e732a8e8d1b78a29b,12,1,function call,"decorator, function call","argument addition, argument deletion, argument transformation, element name change",2,4,https://github.com/lqez/hog/commit/d722ade4,argparse__click__lqez/hog__d722ade4
argparse,click,magnetotesting/magneto,a5c82b8f76b8e4f97c122da9726a99f4c591ffcc,6,1,function call,decorator,"argument deletion, element name change",2,2,https://github.com/magnetotesting/magneto/commit/a5c82b8f,argparse__click__magnetotesting/magneto__a5c82b8f
argparse,click,martinthoma/hwrt,86bc433a047454b7ede27e4c0fb4bc53f381941c,17,4,"attribute, function call","attribute, decorator, function call","argument addition, argument deletion, argument transformation, element name change, parameter addition to decorated function",3,5,https://github.com/martinthoma/hwrt/commit/86bc433a,argparse__click__martinthoma/hwrt__86bc433a
argparse,click,oca/maintainer-tools,69593ae691a43b75984bd92891165f1b26ad31a5,8,1,function call,decorator,"argument addition, argument deletion, argument transformation, element name change, parameter addition to decorated function",2,5,https://github.com/oca/maintainer-tools/commit/69593ae6,argparse__click__oca/maintainer-tools__69593ae6
argparse,click,terryyin/google-translate-python,ac375b49cf1e72e0a79f78ba1a74e57b6c3f8aed,6,1,function call,decorator,"argument addition, argument deletion, argument transformation, element name change, parameter addition to decorated function",2,5,https://github.com/terryyin/google-translate-python/commit/ac375b49,argparse__click__terryyin/google-translate-python__ac375b49
argparse,click,yubico/yubioath-desktop,9d601b4fe39c6e37ef51ee9a1274909309d4286f,34,1,function call,"decorator, function call","argument addition, argument deletion, argument name change, argument transformation, element name change, parameter addition to decorated function",2,6,https://github.com/yubico/yubioath-desktop/commit/9d601b4f,argparse__click__yubico/yubioath-desktop__9d601b4f
argparse,configargparse,rocketmap/rocketmap,2960ec68f85274c37068e2577f28c44eecc4ff26,8,1,function call,function call,"argument addition, argument deletion, element name change",1,3,https://github.com/rocketmap/rocketmap/commit/2960ec68,argparse__configargparse__rocketmap/rocketmap__2960ec68
argparse,docopt,ceph/teuthology,fb3210538573bfe67d1f3faf0edb566a2c9877a6,1,1,function call,function call,"argument transformation, element name change",1,2,https://github.com/ceph/teuthology/commit/fb321053,argparse__docopt__ceph/teuthology__fb321053
argparse,docopt,hootnot/oandapyv20-examples,e1df70e3f16a3275c8648cf873e3db10425d7fa3,1,1,function call,function call,"argument transformation, element name change",1,2,https://github.com/hootnot/oandapyv20-examples/commit/e1df70e3,argparse__docopt__hootnot/oandapyv20-examples__e1df70e3
argparse,docopt,tankerhq/tbump,54b12e29d860336593ff24a514f4d2c9c483b470,1,1,function call,function call,"argument transformation, element name change",1,2,https://github.com/tankerhq/tbump/commit/54b12e29,argparse__docopt__tankerhq/tbump__54b12e29
asyncio-redis,aioredis,augerai/a2ml,13ea499e413b86256345fbf39f26628b68a7fe83,3,1,function call,function call,"argument addition, argument deletion, element name change",1,3,https://github.com/augerai/a2ml/commit/13ea499e,asyncio-redis__aioredis__augerai/a2ml__13ea499e
asyncio-redis,aioredis,eyepea/api-hour,97286ef346d9378e92f5bf5627b2ff109e17079a,1,1,function call,function call,"argument addition, element name change",1,2,https://github.com/eyepea/api-hour/commit/97286ef3,asyncio-redis__aioredis__eyepea/api-hour__97286ef3
attrs,dataclasses,aiortc/aiortc,270edaf4237cba1942fc0b8cc98f3ae4dfc3f0e1,187,12,"decorator, function call","decorator, function call","argument transformation, element name change",2,2,https://github.com/aiortc/aiortc/commit/270edaf4,attrs__dataclasses__aiortc/aiortc__270edaf4
attrs,dataclasses,keepsafe/aiohttp,e51fb1ff1ebdde566b96af0090c5c63cf1a62b1b,29,9,"decorator, function call","decorator, function call","argument deletion, element name change",2,2,https://github.com/keepsafe/aiohttp/commit/e51fb1ff,attrs__dataclasses__keepsafe/aiohttp__e51fb1ff
attrs,dataclasses,project-alice-assistant/projectalice,f1fe8cb8fe07a6ee7973dae4ea4a3fde3940352c,20,6,"decorator, function call","decorator, function call","argument addition, argument deletion, argument transformation, element name change",2,4,https://github.com/project-alice-assistant/projectalice/commit/f1fe8cb8,attrs__dataclasses__project-alice-assistant/projectalice__f1fe8cb8
attrs,dataclasses,simonlindholm/decomp-permuter,cfbb706402fe106ae19762279eab8294a531f20c,53,8,"decorator, function call","decorator, function call","argument name change, element name change",2,2,https://github.com/simonlindholm/decomp-permuter/commit/cfbb7064,attrs__dataclasses__simonlindholm/decomp-permuter__cfbb7064
bcrypt,passlib,twiliodeved/sms2fa-flask,22eedfcd1ef701a4283505762660146b57b26304,1,1,function call,function call,"argument deletion, argument transformation, element name change",1,3,https://github.com/twiliodeved/sms2fa-flask/commit/22eedfcd,bcrypt__passlib__twiliodeved/sms2fa-flask__22eedfcd
beautifulsoup,bs4,cfpb/cfgov-refresh,3262610155669294fa5b79c108b6a244d9d03cbc,1,1,function call,function call,argument addition,1,1,https://github.com/cfpb/cfgov-refresh/commit/32626101,beautifulsoup__bs4__cfpb/cfgov-refresh__32626101
botocore,boto,whoopinc/mkwheelhouse,54806ffc8eddb19cb4b603a380a2f1126eaae84e,1,1,function call,function call,"argument addition, argument deletion, element name change",1,3,https://github.com/whoopinc/mkwheelhouse/commit/54806ffc,botocore__boto__whoopinc/mkwheelhouse__54806ffc
botocore,boto,zalando/spilo,a83681c756fe8dfc8e5117c690bde16319e3e943,1,1,exception,exception,element name change,1,1,https://github.com/zalando/spilo/commit/a83681c7,botocore__boto__zalando/spilo__a83681c7
bottle,flask,cqmoe/python-cqhttp,f9f083ec6b1de67e4e128e2fdc85cb7bacadcf6b,5,1,function call,function call,"argument addition, element name change",1,2,https://github.com/cqmoe/python-cqhttp/commit/f9f083ec,bottle__flask__cqmoe/python-cqhttp__f9f083ec
bottle,flask,heyman/locust,4067b929fab7691a12ad91bf70e3738d715e860e,3,1,"decorator, function call","attribute, decorator, function call","argument addition, argument transformation, element name change",3,3,https://github.com/heyman/locust/commit/4067b929,bottle__flask__heyman/locust__4067b929
bottle,flask,nicolas-van/pygreen,843c8cfe9af68b9029235a229c838f519049ab0e,5,1,function call,function call,"argument addition, argument deletion, argument transformation, element name change",1,4,https://github.com/nicolas-van/pygreen/commit/843c8cfe,bottle__flask__nicolas-van/pygreen__843c8cfe
bunch,munch,1and1/confluencer,df895ac8e75c13e32e2369bc4d9c88aa036ab9d4,0,3,,,,0,0,https://github.com/1and1/confluencer/commit/df895ac8,bunch__munch__1and1/confluencer__df895ac8
bunch,munch,fedora-infra/python-fedora,aca2a20a5c1a889eed655f36ef1bf28dd32c3145,12,6,"function call, type","function call, type",element name change,2,1,https://github.com/fedora-infra/python-fedora/commit/aca2a20a,bunch__munch__fedora-infra/python-fedora__aca2a20a
celery,rq,sapfir0/premier-eye,a7375ccc40885f04faf4a05852591e6de4ba676d,0,1,,,,0,0,https://github.com/sapfir0/premier-eye/commit/a7375ccc,celery__rq__sapfir0/premier-eye__a7375ccc
characteristic,attrs,rackerlabs/mimic,5bb494665ce21b645f273bb4597f6dfae861c573,218,20,"decorator, function call","decorator, function call","argument deletion, argument name change, argument transformation, element name change",2,4,https://github.com/rackerlabs/mimic/commit/5bb49466,characteristic__attrs__rackerlabs/mimic__5bb49466
chardet,cchardet,emlid/ntripbrowser,9161c1943a8623892b174c98cdf686a4a0ce8673,1,1,function call,function call,,1,0,https://github.com/emlid/ntripbrowser/commit/9161c194,chardet__cchardet__emlid/ntripbrowser__9161c194
cheetah3,jinja2,openstack/ironic,cbf214b5130e362f57dbe5da99f4cef1918d882d,2,2,function call,function call,"element name change, output transformation",1,2,https://github.com/openstack/ironic/commit/cbf214b5,cheetah3__jinja2__openstack/ironic__cbf214b5
cheetah3,jinja2,shingetsu/saku,d1ad50a9baedf58b37fd8527c09d9b0668d59013,1,1,function call,function call,"argument transformation, element name change",1,2,https://github.com/shingetsu/saku/commit/d1ad50a9,cheetah3__jinja2__shingetsu/saku__d1ad50a9
cheetah,jinja2,shingetsu/saku,d1ad50a9baedf58b37fd8527c09d9b0668d59013,1,1,function call,function call,"argument transformation, element name change",1,2,https://github.com/shingetsu/saku/commit/d1ad50a9,cheetah__jinja2__shingetsu/saku__d1ad50a9
click,argparse,kittenparry/meituri-downloader,422d73beace31a95a817d9befa860ca932df4596,6,1,decorator,function call,"argument addition, element name change",2,2,https://github.com/kittenparry/meituri-downloader/commit/422d73be,click__argparse__kittenparry/meituri-downloader__422d73be
click,argparse,neurostuff/nimare,2b80aa28bbcb175823af5b3575d35b61488ecdf0,0,1,,,,0,0,https://github.com/neurostuff/nimare/commit/2b80aa28,click__argparse__neurostuff/nimare__2b80aa28
click,argparse,nodepy/nodepy,715142ce26bf8ced33b9fb07fd951ab650f9c236,13,1,decorator,"attribute, function call","argument addition, argument deletion, argument transformation, element name change",3,4,https://github.com/nodepy/nodepy/commit/715142ce,click__argparse__nodepy/nodepy__715142ce
click,argparse,titusz/onixcheck,f17d1861f0fd83d951149066b55fdf1010bb7701,17,2,"decorator, function call",function call,"argument addition, argument deletion, argument transformation, element name change",2,4,https://github.com/titusz/onixcheck/commit/f17d1861,click__argparse__titusz/onixcheck__f17d1861
cloud-sptheme,sphinx-rtd-theme,danielyule/hearthbreaker,d018edff306bf88c8be56d2c8252a44b374f9293,1,1,function call,function call,element name change,1,1,https://github.com/danielyule/hearthbreaker/commit/d018edff,cloud-sptheme__sphinx-rtd-theme__danielyule/hearthbreaker__d018edff
configparser,configobj,ctlearn-project/ctlearn,2375af87fa36b7c93c5a3be5cab81784d4a2f64e,1,1,function call,function call,"argument addition, argument deletion, argument transformation, element name change",1,4,https://github.com/ctlearn-project/ctlearn/commit/2375af87,configparser__configobj__ctlearn-project/ctlearn__2375af87
configparser,configobj,dbcli/mycli,b7a0b0f7d05cc90c8e5b20c2203562fdffbd6add,0,1,,,,0,0,https://github.com/dbcli/mycli/commit/b7a0b0f7,configparser__configobj__dbcli/mycli__b7a0b0f7
csv,unicodecsv,ckan/ckanext-datapackager,a6a3fb3aaa48790365430740686de2019ff0076a,3,1,"exception, function call","exception, function call",,2,0,https://github.com/ckan/ckanext-datapackager/commit/a6a3fb3a,csv__unicodecsv__ckan/ckanext-datapackager__a6a3fb3a
csv,unicodecsv,codesy/codesy,b5824f4f99b62978952b489d10d558e681c69497,1,1,function call,function call,argument addition,1,1,https://github.com/codesy/codesy/commit/b5824f4f,csv__unicodecsv__codesy/codesy__b5824f4f
csv,unicodecsv,heroku/salesforce-bulk,2f787fa0535957c3f7f864f3108bd1c2bc8a1271,0,1,,,,0,0,https://github.com/heroku/salesforce-bulk/commit/2f787fa0,csv__unicodecsv__heroku/salesforce-bulk__2f787fa0
csv,unicodecsv,mlsecproject/combine,efe20ac0e2cb0717b35ee60ca60ff146c3ddb01a,4,1,function call,function call,,1,0,https://github.com/mlsecproject/combine/commit/efe20ac0,csv__unicodecsv__mlsecproject/combine__efe20ac0
csv,unicodecsv,praekelt/molo,567b66f9b129587e9807fc9f6d96d49e1da4a19f,1,1,function call,function call,argument addition,1,1,https://github.com/praekelt/molo/commit/567b66f9,csv__unicodecsv__praekelt/molo__567b66f9
csv,unicodecsv,radremedy/radremedy,8fa9b7fd7ce51c4b478ebb344d3c71ceb54b24bd,2,1,function call,function call,,1,0,https://github.com/radremedy/radremedy/commit/8fa9b7fd,csv__unicodecsv__radremedy/radremedy__8fa9b7fd
csv,unicodecsv,shoopio/shoop,639e3b5ff5a2359583e5bacd0a8c45fd0a6457c6,1,1,function call,function call,argument addition,1,1,https://github.com/shoopio/shoop/commit/639e3b5f,csv__unicodecsv__shoopio/shoop__639e3b5f
dataproperty,typepy,thombashi/datetimerange,936761f779c4f7dc8c2d4c03c47b6e7b6e978a89,2,1,function call,function call,"argument addition, argument deletion, element name change",1,3,https://github.com/thombashi/datetimerange/commit/936761f7,dataproperty__typepy__thombashi/datetimerange__936761f7
dataproperty,typepy,thombashi/pingparsing,45fac3cb38661f80fc8bd129ce633cfd15423835,14,2,function call,function call,"element name change, output transformation",1,2,https://github.com/thombashi/pingparsing/commit/45fac3cb,dataproperty__typepy__thombashi/pingparsing__45fac3cb
dataproperty,typepy,thombashi/sqlitebiter,26c8e7467fb764d6abca03d6830f7679cbfc3ea1,4,1,function call,function call,element name change,1,1,https://github.com/thombashi/sqlitebiter/commit/26c8e746,dataproperty__typepy__thombashi/sqlitebiter__26c8e746
dill,cloudpickle,blaze/distributed,6dc1f3f202fbef0e530b7e89c300e4f4d59dbc30,0,1,,,,0,0,https://github.com/blaze/distributed/commit/6dc1f3f2,dill__cloudpickle__blaze/distributed__6dc1f3f2
dill,cloudpickle,rapid-design-of-systems-laboratory/beluga,078e3e56fe5b86d9c188aaf249a72296bd6fa753,2,2,"attribute, function call",function call,element name change,2,1,https://github.com/rapid-design-of-systems-laboratory/beluga/commit/078e3e56,dill__cloudpickle__rapid-design-of-systems-laboratory/beluga__078e3e56
django-rest-swagger,drf-yasg,bcgov/theorgbook,728f86e941dfb6bdbee27628d28425757af5f22d,0,1,,,,0,0,https://github.com/bcgov/theorgbook/commit/728f86e9,django-rest-swagger__drf-yasg__bcgov/theorgbook__728f86e9
django-rest-swagger,drf-yasg,opengisch/qfieldcloud,4377d67a99ed8b6680276cbf4585cbac18439b37,0,1,,,,0,0,https://github.com/opengisch/qfieldcloud/commit/4377d67a,django-rest-swagger__drf-yasg__opengisch/qfieldcloud__4377d67a
django,utils,rq/django-rq,310ac1d9934796988ef454d83a34b8e08bc608ce,0,4,,,,0,0,https://github.com/rq/django-rq/commit/310ac1d9,django__utils__rq/django-rq__310ac1d9
docopt,argparse,aio-libs/aioftp,ba6ef08fb7ebb9d5db4034e65622f4d80288fa6a,1,1,function call,function call,"argument transformation, element name change",1,2,https://github.com/aio-libs/aioftp/commit/ba6ef08f,docopt__argparse__aio-libs/aioftp__ba6ef08f
docopt,argparse,deepspace2/styleframe,ffc8d7615fb37996ad7824a0e0501351a8f66b14,0,1,,,,0,0,https://github.com/deepspace2/styleframe/commit/ffc8d761,docopt__argparse__deepspace2/styleframe__ffc8d761
docopt,argparse,mete0r/pyhwp,0c5c5e7898e5c82ad5543ad4f990cbc69439619a,5,5,function call,function call,"argument transformation, element name change",1,2,https://github.com/mete0r/pyhwp/commit/0c5c5e78,docopt__argparse__mete0r/pyhwp__0c5c5e78
docopt,click,michaeljoseph/changes,d9a8faec7953abfcbf3ffd9b12d6a4be6b71444f,4,3,function call,"decorator, function call","argument addition, argument deletion, argument transformation, element name change",2,4,https://github.com/michaeljoseph/changes/commit/d9a8faec,docopt__click__michaeljoseph/changes__d9a8faec
ed25519,pynacl,romanz/trezor-agent,e1bbdb4bccb9c81a34123cc89fbb6ef2750ab33b,6,2,"function call, type","function call, type","argument addition, argument transformation, element name change",2,3,https://github.com/romanz/trezor-agent/commit/e1bbdb4b,ed25519__pynacl__romanz/trezor-agent__e1bbdb4b
enum,aenum,princetonuniversity/psyneulink,5253a55c46d529b69397fc1d54d3f8e7262c337b,4,2,type,type,element name change,1,1,https://github.com/princetonuniversity/psyneulink/commit/5253a55c,enum__aenum__princetonuniversity/psyneulink__5253a55c
ethereum,ethereum-utils,omisego/plasma-contracts,fc4ac19f5d4f0d9f26125cd8042908a0bc46f4f0,0,22,,,,0,0,https://github.com/omisego/plasma-contracts/commit/fc4ac19f,ethereum__ethereum-utils__omisego/plasma-contracts__fc4ac19f
eventlet,gevent,c00w/bithopper,66125263ad3224e85cfe38682fe586f72747492b,5,3,function call,function call,"argument deletion, element name change",1,2,https://github.com/c00w/bithopper/commit/66125263,eventlet__gevent__c00w/bithopper__66125263
eventlet,gevent,noisyboiler/wampy,f87f7bee3363567132240caac62c8a3f8148a8fe,19,5,"exception, function call","exception, function call","argument addition, element name change",2,2,https://github.com/noisyboiler/wampy/commit/f87f7bee,eventlet__gevent__noisyboiler/wampy__f87f7bee
eventlet,gevent,phuks-co/throat,9a2896095779bfc60d544d52c5c28c0187f31949,1,1,function call,function call,element name change,1,1,https://github.com/phuks-co/throat/commit/9a289609,eventlet__gevent__phuks-co/throat__9a289609
eventlet,gevent,stefal/rtkbase,a4c347a2ede5fba1d0e787193b7dc4079ab4fd6f,1,1,function call,function call,element name change,1,1,https://github.com/stefal/rtkbase/commit/a4c347a2,eventlet__gevent__stefal/rtkbase__a4c347a2
fabric3,invoke,skoczen/will,437f8be397b864dc83c67af8942467907ccf1c21,27,1,function call,"decorator, function call",element name change,2,1,https://github.com/skoczen/will/commit/437f8be3,fabric3__invoke__skoczen/will__437f8be3
fabric3,paramiko,mirantis/openstack-lbaas,d7440d4693629c15fc6ce6cc09d6bcda62c8b08a,23,1,function call,function call,"argument addition, argument transformation, element name change, output transformation",1,4,https://github.com/mirantis/openstack-lbaas/commit/d7440d46,fabric3__paramiko__mirantis/openstack-lbaas__d7440d46
flask-restful,flask-restplus,kizniche/mycodo,047263beb9e4301c30eef0f44d8d93c722b31f20,0,1,,,,0,0,https://github.com/kizniche/mycodo/commit/047263be,flask-restful__flask-restplus__kizniche/mycodo__047263be
flask-restful,flask-restplus,testdrivenio/flask-react-aws,d4119a0f609b151df99b2250e419c168e688a0c6,1,2,function call,function call,"argument transformation, element name change",1,2,https://github.com/testdrivenio/flask-react-aws/commit/d4119a0f,flask-restful__flask-restplus__testdrivenio/flask-react-aws__d4119a0f
flask-restful,flask-restplus,ziirish/burp-ui,8ef3b624e52ac6a9420c533b0dd744a36d91c4d3,0,7,,,,0,0,https://github.com/ziirish/burp-ui/commit/8ef3b624,flask-restful__flask-restplus__ziirish/burp-ui__8ef3b624
flask-restplus,flask-restx,apryor6/flaskerize,59d8319355bf95f26949fe13ac3d6be5b5282fb6,0,4,,,,0,0,https://github.com/apryor6/flaskerize/commit/59d83193,flask-restplus__flask-restx__apryor6/flaskerize__59d83193
flask-restplus,flask-restx,kizniche/mycodo,516917351d7d8341375db4481ac72910c9510a42,0,11,,,,0,0,https://github.com/kizniche/mycodo/commit/51691735,flask-restplus__flask-restx__kizniche/mycodo__51691735
flask-restplus,flask-restx,orchest/orchest,6b629d0d0dc7d44113e75a8a3f97a1c68d2ee131,0,11,,,,0,0,https://github.com/orchest/orchest/commit/6b629d0d,flask-restplus__flask-restx__orchest/orchest__6b629d0d
flask-restplus,flask-restx,pythondataintegrator/pythondataintegrator,598f275f11bdb1796b4ea0f6b3676a45758c08c4,0,8,,,,0,0,https://github.com/pythondataintegrator/pythondataintegrator/commit/598f275f,flask-restplus__flask-restx__pythondataintegrator/pythondataintegrator__598f275f
flask,bottle,arosenfeld/immunedb,6141b13b2da6843b37e76e40ba536a4ad81124ad,13,1,"decorator, function call",decorator,,2,0,https://github.com/arosenfeld/immunedb/commit/6141b13b,flask__bottle__arosenfeld/immunedb__6141b13b
flask,fastapi,bretttolbert/verbecc-svc,24a848d285ae2c6f3e5b06d1a8ee718cb3f17133,0,1,,,,0,0,https://github.com/bretttolbert/verbecc-svc/commit/24a848d2,flask__fastapi__bretttolbert/verbecc-svc__24a848d2
flask,fastapi,virtuber/openvtuber,3abbc431e586218470f47eac10fa6d351c6fe907,1,1,function call,function call,"argument deletion, element name change",1,2,https://github.com/virtuber/openvtuber/commit/3abbc431,flask__fastapi__virtuber/openvtuber__3abbc431
flask,quart,elblogbruno/notionai-mymind,002f5bde5d5d5f2eaaf6999e41e4619817c10400,4,1,"attribute, function call","attribute, function call","async transformation, element name change",2,2,https://github.com/elblogbruno/notionai-mymind/commit/002f5bde,flask__quart__elblogbruno/notionai-mymind__002f5bde
flask,quart,intel/stacks-usecase,22cc3f007a3267ca09a3f53b84fdbfff1f045e88,8,1,"attribute, function call","attribute, function call",element name change,2,1,https://github.com/intel/stacks-usecase/commit/22cc3f00,flask__quart__intel/stacks-usecase__22cc3f00
flask,quart,learningorchestra/learningorchestra,db7f1321e13b5386f94670537aa49943f0f0cec9,1,1,function call,function call,element name change,1,1,https://github.com/learningorchestra/learningorchestra/commit/db7f1321,flask__quart__learningorchestra/learningorchestra__db7f1321
flask,quart,pgjones/faster_than_flask_article,0a70f2bddae90da13da5bce2b77ea56355ecc5d1,2,3,function call,function call,"async transformation, element name change",1,2,https://github.com/pgjones/faster_than_flask_article/commit/0a70f2bd,flask__quart__pgjones/faster_than_flask_article__0a70f2bd
flask,quart,synesthesiam/voice2json,7ea7ddb8400775282e82c1adcb17b013f27ede2b,12,1,"attribute, function call","attribute, function call","async transformation, element name change",2,2,https://github.com/synesthesiam/voice2json/commit/7ea7ddb8,flask__quart__synesthesiam/voice2json__7ea7ddb8
flask,quart,talkpython/async-techniques-python-course,aa607bd32a90d7693e91bd4a1be39baec2d889ba,8,3,function call,function call,element name change,1,1,https://github.com/talkpython/async-techniques-python-course/commit/aa607bd3,flask__quart__talkpython/async-techniques-python-course__aa607bd3
flask,tornado,krischer/instaseis,13c26a6d59942807a3bf4607c29ba391511d8af6,0,1,,,,0,0,https://github.com/krischer/instaseis/commit/13c26a6d,flask__tornado__krischer/instaseis__13c26a6d
flask,uvicorn,virtuber/openvtuber,3abbc431e586218470f47eac10fa6d351c6fe907,1,1,function call,function call,"argument addition, argument deletion",1,2,https://github.com/virtuber/openvtuber/commit/3abbc431,flask__uvicorn__virtuber/openvtuber__3abbc431
fuzzywuzzy,rapidfuzz,nlpia/nlpia-bot,054d5d207cba12d9b5c4765454be1c51424ea4f3,0,1,,,,0,0,https://github.com/nlpia/nlpia-bot/commit/054d5d20,fuzzywuzzy__rapidfuzz__nlpia/nlpia-bot__054d5d20
gcloud-aio-core,aiohttp,talkiq/gcloud-aio,45d94ddaf969648d5479ff480a92b16d537716f9,1,1,function call,function call,"argument addition, argument transformation, element name change",1,3,https://github.com/talkiq/gcloud-aio/commit/45d94dda,gcloud-aio-core__aiohttp__talkiq/gcloud-aio__45d94dda
gcloud-aio-core,aiohttp,talkiq/gcloud-aio,963f34706918757ab7d3cbad70c363b9a48b9d40,1,1,function call,function call,"argument addition, argument transformation, element name change",1,3,https://github.com/talkiq/gcloud-aio/commit/963f3470,gcloud-aio-core__aiohttp__talkiq/gcloud-aio__963f3470
gcloud-aio-core,aiohttp,talkiq/gcloud-aio,d15540f94ecdf468b1baf7fd9c025e4f862b3b69,0,1,,,,0,0,https://github.com/talkiq/gcloud-aio/commit/d15540f9,gcloud-aio-core__aiohttp__talkiq/gcloud-aio__d15540f9
gcloud,google,googlecloudplatform/gcloud-python,e55a1d846e7872b90e325c16a5f2d5f2c21df04e,0,6,,,,0,0,https://github.com/googlecloudplatform/gcloud-python/commit/e55a1d84,gcloud__google__googlecloudplatform/gcloud-python__e55a1d84
gcloud,google,wal-e/wal-e,be9820b90101b1bf845814c56e55ac7d6e6878f9,1,5,function call,function call,element name change,1,1,https://github.com/wal-e/wal-e/commit/be9820b9,gcloud__google__wal-e/wal-e__be9820b9
gevent,eventlet,duanhongyi/dwebsocket,d707ff652fd74c3420e83a50fc9b1b9026ed0d98,2,1,function call,function call,element name change,1,1,https://github.com/duanhongyi/dwebsocket/commit/d707ff65,gevent__eventlet__duanhongyi/dwebsocket__d707ff65
gevent,eventlet,miguelgrinberg/flask-socketio,883e73e548869ca6896e6b6cc6f44627c0168499,1,1,function call,function call,element name change,1,1,https://github.com/miguelgrinberg/flask-socketio/commit/883e73e5,gevent__eventlet__miguelgrinberg/flask-socketio__883e73e5
gevent,eventlet,projectcalico/felix,657e727468c6c6c7ee13ce93fb88643339572440,9,1,function call,function call,,1,0,https://github.com/projectcalico/felix/commit/657e7274,gevent__eventlet__projectcalico/felix__657e7274
gevent,eventlet,stefal/rtkbase,cf856c0cc9cbb0f810d59c9419f8789a1f9f5a80,1,1,function call,function call,element name change,1,1,https://github.com/stefal/rtkbase/commit/cf856c0c,gevent__eventlet__stefal/rtkbase__cf856c0c
gevent,eventlet,thenetcircle/dino,119d922a1c7c86cf6f6b3d8589df461bfe6abb2a,1,1,function call,function call,element name change,1,1,https://github.com/thenetcircle/dino/commit/119d922a,gevent__eventlet__thenetcircle/dino__119d922a
gunicorn,waitress,openphilology/nidaba,4bab2ee1ad5b8b2e4413a74a8d96a232b3f548e0,0,1,,,,0,0,https://github.com/openphilology/nidaba/commit/4bab2ee1,gunicorn__waitress__openphilology/nidaba__4bab2ee1
guzzle-sphinx-theme,sphinx-rtd-theme,jamesls/semidbm,aa0babacc67027d1367c4bab112985203c984fab,1,1,function call,function call,"element name change, output transformation",1,2,https://github.com/jamesls/semidbm/commit/aa0babac,guzzle-sphinx-theme__sphinx-rtd-theme__jamesls/semidbm__aa0babac
html5lib,bleach,posativ/isso,f1a4478272395c5a4c110c7e564cfb444c4ec63f,0,1,,,,0,0,https://github.com/posativ/isso/commit/f1a44782,html5lib__bleach__posativ/isso__f1a44782
html5lib,bleach,pycon/pycon,3dba9637623143551d388391a8d818e368304f6b,1,1,"attribute, function call",function call,"argument addition, argument deletion, element name change, output transformation",2,4,https://github.com/pycon/pycon/commit/3dba9637,html5lib__bleach__pycon/pycon__3dba9637
httplib2,requests,ankitects/anki,f6245cdfd1e81fecb581a17d3ee314ed0d72698d,16,3,"exception, function call, function reference",function call,,3,0,https://github.com/ankitects/anki/commit/f6245cdf,httplib2__requests__ankitects/anki__f6245cdf
httplib2,requests,cpfair/tapiriik,495db93a46dae7004fa9454a962196f0c95b3dc6,7,1,"attribute, function call","attribute, function call","argument deletion, argument transformation, element name change",2,3,https://github.com/cpfair/tapiriik/commit/495db93a,httplib2__requests__cpfair/tapiriik__495db93a
httplib2,requests,hasgeek/flask-lastuser,6114ad5cb27d16048a86f2a1eff85756cf438d34,2,1,function call,"attribute, function call","argument deletion, argument name change, argument transformation, element name change",2,4,https://github.com/hasgeek/flask-lastuser/commit/6114ad5c,httplib2__requests__hasgeek/flask-lastuser__6114ad5c
httplib2,requests,hpe-storage/python-3parclient,75b94d3ec693de0961affc2fcf2e5d622b3624ca,1,1,function call,function call,argument transformation,1,1,https://github.com/hpe-storage/python-3parclient/commit/75b94d3e,httplib2__requests__hpe-storage/python-3parclient__75b94d3e
httplib2,requests,jarodl/flask-github,341c769f2f7889583a0802982ea3373677573de1,2,1,function call,function call,"argument deletion, argument transformation, element name change",1,3,https://github.com/jarodl/flask-github/commit/341c769f,httplib2__requests__jarodl/flask-github__341c769f
httplib2,requests,jgorset/facepy,89ba1d43ce59a9a7dbbb54b84fdd33fd116348c4,0,1,,,,0,0,https://github.com/jgorset/facepy/commit/89ba1d43,httplib2__requests__jgorset/facepy__89ba1d43
httplib2,requests,openshot/openshot-qt,4349753e0eecae60c96768def773fa48189f06bf,3,2,function call,"attribute, function call","argument deletion, argument name change, element name change, output transformation",2,4,https://github.com/openshot/openshot-qt/commit/4349753e,httplib2__requests__openshot/openshot-qt__4349753e
httplib2,requests,openstack/deb-nova,346d9419a6aeb3c1277fa0ad2c539045be571d30,4,1,"attribute, function call","attribute, function call","element name change, output transformation",2,2,https://github.com/openstack/deb-nova/commit/346d9419,httplib2__requests__openstack/deb-nova__346d9419
httplib2,requests,openstack/networking-cisco,075010a677ff2427799634b6fc4f7ed3a90bbda2,3,1,"attribute, function call","attribute, function call","argument addition, argument name change, argument transformation, element name change",2,4,https://github.com/openstack/networking-cisco/commit/075010a6,httplib2__requests__openstack/networking-cisco__075010a6
httplib2,requests,wikimedia/pywikibot,952665acaa9ab2dd1a78cb4a935f3b5743941913,4,1,attribute,"attribute, function call",element name change,2,1,https://github.com/wikimedia/pywikibot/commit/952665ac,httplib2__requests__wikimedia/pywikibot__952665ac
hubstorage,scrapinghub,scrapinghub/scrapinghub-entrypoint-scrapy,80b2262a9696bf8fa6b0d5423efc30fdd46fe54f,0,1,,,,0,0,https://github.com/scrapinghub/scrapinghub-entrypoint-scrapy/commit/80b2262a,hubstorage__scrapinghub__scrapinghub/scrapinghub-entrypoint-scrapy__80b2262a
hubstorage,scrapinghub,scrapy-plugins/scrapy-pagestorage,ce31d531756661752b72dda9a93a8ed1cbcb919b,0,1,,,,0,0,https://github.com/scrapy-plugins/scrapy-pagestorage/commit/ce31d531,hubstorage__scrapinghub__scrapy-plugins/scrapy-pagestorage__ce31d531
huey,celery,lonelam/onlinejudgeshu,b687d2067b28f6759a47ddcfe7bb575e8f83f679,1,1,decorator,decorator,element name change,1,1,https://github.com/lonelam/onlinejudgeshu/commit/b687d206,huey__celery__lonelam/onlinejudgeshu__b687d206
ipaddress,netaddr,napalm-automation/napalm,085994a5b33f37e5c29f2081ddf272df4db0319c,1,1,function call,function call,element name change,1,1,https://github.com/napalm-automation/napalm/commit/085994a5,ipaddress__netaddr__napalm-automation/napalm__085994a5
ipaddr,ipaddress,google/capirca,eb768ea7e8cb33ab16786ddeb52b53122c740c65,17,3,"attribute, function call, function reference, type","attribute, function call, function reference, type","argument addition, element name change",4,2,https://github.com/google/capirca/commit/eb768ea7,ipaddr__ipaddress__google/capirca__eb768ea7
ipaddr,ipaddress,reannz/faucet,4a23ef8e3074c8749435de2bd8e2a299a6db9d92,70,8,"attribute, function call","attribute, function call","argument transformation, element name change",2,2,https://github.com/reannz/faucet/commit/4a23ef8e,ipaddr__ipaddress__reannz/faucet__4a23ef8e
ipaddr,ipaddress,rvojcik/rtapi,2c25c0539c8bc46812a0f1e75da97066af76905b,2,1,function call,function call,element name change,1,1,https://github.com/rvojcik/rtapi/commit/2c25c053,ipaddr__ipaddress__rvojcik/rtapi__2c25c053
ipaddr,netaddr,openstack/deb-designate,eb16b1e1be8da26193fd3482c8f5eb55eebfcbc2,4,1,"exception, function call","exception, function call","argument addition, element name change",2,2,https://github.com/openstack/deb-designate/commit/eb16b1e1,ipaddr__netaddr__openstack/deb-designate__eb16b1e1
ipaddr,netaddr,openstack/fuel-devops,5d0df07841dd862165137ed34fcb2a02d9ec2b7b,6,11,function call,function call,,1,0,https://github.com/openstack/fuel-devops/commit/5d0df078,ipaddr__netaddr__openstack/fuel-devops__5d0df078
ipaddr,netaddr,openstack/wsme,002473c0eaff5bde539e6f6980c387d3817f7063,4,1,"exception, function call","exception, function call","argument addition, element name change",2,2,https://github.com/openstack/wsme/commit/002473c0,ipaddr__netaddr__openstack/wsme__002473c0
ipaddr,py2-ipaddress,evgeni/bley,dcc428536d19b0f43604d4052ecaadabadef5e64,8,2,function call,function call,"argument transformation, element name change",1,2,https://github.com/evgeni/bley/commit/dcc42853,ipaddr__py2-ipaddress__evgeni/bley__dcc42853
ipaddr,py2-ipaddress,jdswinbank/comet,1549e864ad46d3216dea9b4aa2353722de2081c5,5,4,function call,function call,"argument addition, element name change",1,2,https://github.com/jdswinbank/comet/commit/1549e864,ipaddr__py2-ipaddress__jdswinbank/comet__1549e864
ipaddr,py2-ipaddress,magic-wormhole/magic-wormhole,5b23669cf3fec46471bbc30620651ffc188c578c,1,1,function call,function call,element name change,1,1,https://github.com/magic-wormhole/magic-wormhole/commit/5b23669c,ipaddr__py2-ipaddress__magic-wormhole/magic-wormhole__5b23669c
ipaddr,py2-ipaddress,meejah/txtorcon,c8fdba0a3494a41ceb499a3473956faf48034a0c,1,1,function call,function call,element name change,1,1,https://github.com/meejah/txtorcon/commit/c8fdba0a,ipaddr__py2-ipaddress__meejah/txtorcon__c8fdba0a
ipaddr,py2-ipaddress,redhat-cip/hardware,a429c38cf6e6630f6bc1d1793f1aa2a75b21cc03,2,1,function call,function call,,1,0,https://github.com/redhat-cip/hardware/commit/a429c38c,ipaddr__py2-ipaddress__redhat-cip/hardware__a429c38c
ipaddr,py2-ipaddress,rvojcik/rtapi,2c25c0539c8bc46812a0f1e75da97066af76905b,1,1,function call,function call,element name change,1,1,https://github.com/rvojcik/rtapi/commit/2c25c053,ipaddr__py2-ipaddress__rvojcik/rtapi__2c25c053
ipaddr,py2-ipaddress,stackstorm/st2,4022aea911726ab98e376860cfba75987e4b3df4,1,1,function call,function call,element name change,1,1,https://github.com/stackstorm/st2/commit/4022aea9,ipaddr__py2-ipaddress__stackstorm/st2__4022aea9
jsonpath-rw,jsonpath-rw-ext,hxlstandard/libhxl-python,0babff28e04c7da97cae91de78e86295bc42b118,2,2,function call,function call,,1,0,https://github.com/hxlstandard/libhxl-python/commit/0babff28,jsonpath-rw__jsonpath-rw-ext__hxlstandard/libhxl-python__0babff28
jsontableschema,tableschema,frictionlessdata/tableschema-sql-py,a1385f748263c12f7d7c59c7f44eac49943503a4,0,1,,,,0,0,https://github.com/frictionlessdata/tableschema-sql-py/commit/a1385f74,jsontableschema__tableschema__frictionlessdata/tableschema-sql-py__a1385f74
kafka-python,confluent-kafka,biznetgio/restknot,6b10345398630fbb418f84ca7268d481ecad56ee,3,2,function call,function call,"argument addition, argument deletion, argument transformation, element name change",1,4,https://github.com/biznetgio/restknot/commit/6b103453,kafka-python__confluent-kafka__biznetgio/restknot__6b103453
kafka-python,confluent-kafka,openstack/oslo.messaging,5a842ae15582e4eedfb1b2510eaf4a8997701f58,2,1,function call,function call,"argument transformation, element name change",1,2,https://github.com/openstack/oslo.messaging/commit/5a842ae1,kafka-python__confluent-kafka__openstack/oslo.messaging__5a842ae1
kafka,confluent-kafka,svenskaspel/locust-plugins,fad53da58706ba4d69633667d62a9e8c84b4fa9e,2,1,function call,function call,"argument transformation, element name change",1,2,https://github.com/svenskaspel/locust-plugins/commit/fad53da5,kafka__confluent-kafka__svenskaspel/locust-plugins__fad53da5
leveldb,plyvel,ethereum/py-evm,5c273fff1ed8f4815b7232a442061673c00f1c60,4,1,function call,function call,"argument deletion, element name change",1,2,https://github.com/ethereum/py-evm/commit/5c273fff,leveldb__plyvel__ethereum/py-evm__5c273fff
leveldb,plyvel,gdassori/spruned,4326c6485f8ff6d6e6d2ad38a2d0707e50ec126d,3,1,function call,function call,"argument addition, element name change",1,2,https://github.com/gdassori/spruned/commit/4326c648,leveldb__plyvel__gdassori/spruned__4326c648
leveldb,plyvel,obsidianforensics/hindsight,973b3d3278609c144f11542bd24164243ee165af,2,2,function call,function call,element name change,1,1,https://github.com/obsidianforensics/hindsight/commit/973b3d32,leveldb__plyvel__obsidianforensics/hindsight__973b3d32
lockfile,fasteners,kizniche/mycodo,547f6d9f22e569007c1066e36ee5142f5e1b533d,10,6,function call,function call,"argument addition, argument deletion, element name change",1,3,https://github.com/kizniche/mycodo/commit/547f6d9f,lockfile__fasteners__kizniche/mycodo__547f6d9f
lockfile,fasteners,paratoolsinc/taucmdr,2a2c28aeee469c514196ec5ca68592c9bf354146,4,2,"exception, function call",decorator,,3,0,https://github.com/paratoolsinc/taucmdr/commit/2a2c28ae,lockfile__fasteners__paratoolsinc/taucmdr__2a2c28ae
lockfile,fasteners,samschott/maestral,e4388ee1a5ab8699e3a08055fb0d5e6485b9921d,0,1,,,,0,0,https://github.com/samschott/maestral/commit/e4388ee1,lockfile__fasteners__samschott/maestral__e4388ee1
logbook,loguru,thombashi/sqlitebiter,311c7ce50a89316d5cab9bb2daef05315175faf2,1,1,function call,function call,,1,0,https://github.com/thombashi/sqlitebiter/commit/311c7ce5,logbook__loguru__thombashi/sqlitebiter__311c7ce5
logbook,loguru,thombashi/tcconfig,7ba8676b3b9347ef15142bfeba30d611822c154d,1,1,function call,function call,,1,0,https://github.com/thombashi/tcconfig/commit/7ba8676b,logbook__loguru__thombashi/tcconfig__7ba8676b
logger,logging,prtg/pythonminiprobe,2b6a1aeb2a9ee1a722262d34752bbbff44f21951,11,5,function call,function call,element name change,1,1,https://github.com/prtg/pythonminiprobe/commit/2b6a1aeb,logger__logging__prtg/pythonminiprobe__2b6a1aeb
lxml,defusedxml,haiwen/seafdav,5e1291f1cb8ed22e3ef5a78f46b1aa7534105764,3,1,,"function reference, type",,2,0,https://github.com/haiwen/seafdav/commit/5e1291f1,lxml__defusedxml__haiwen/seafdav__5e1291f1
lxml,defusedxml,openvinotoolkit/open_model_zoo,7c2529f53bf8b8901685df88f898ce57089fe490,0,1,,,,0,0,https://github.com/openvinotoolkit/open_model_zoo/commit/7c2529f5,lxml__defusedxml__openvinotoolkit/open_model_zoo__7c2529f5
lxml,defusedxml,synacktiv/eos,ac9596f942aaf733ebafd9eef94617710ac18864,3,1,function call,function call,"argument deletion, argument transformation, element name change",1,3,https://github.com/synacktiv/eos/commit/ac9596f9,lxml__defusedxml__synacktiv/eos__ac9596f9
m2crypto,cryptography,kevoreilly/capev2,abf58a7deb32893febb4151f579d8428ffca3b8e,4,1,function call,"attribute, function call","argument addition, element name change",2,2,https://github.com/kevoreilly/capev2/commit/abf58a7d,m2crypto__cryptography__kevoreilly/capev2__abf58a7d
m2crypto,cryptography,yubico/python-u2flib-server,65c46657d50fb2d38036b4533806d36997cedac5,6,1,function call,"attribute, function call","argument addition, argument transformation, element name change, output transformation",2,4,https://github.com/yubico/python-u2flib-server/commit/65c46657,m2crypto__cryptography__yubico/python-u2flib-server__65c46657
mechanize,requests,jorgecarleitao/public-contracts,70a229cb5a3be1a56bdfa4f6df8019456276bf3f,5,1,"attribute, function call","attribute, function call","argument addition, element name change",2,2,https://github.com/jorgecarleitao/public-contracts/commit/70a229cb,mechanize__requests__jorgecarleitao/public-contracts__70a229cb
migrate,alembic,kickstandproject/payload,ffeff6a308ba1fcdf97b2eb91d0ae5f64787fef2,0,1,,,,0,0,https://github.com/kickstandproject/payload/commit/ffeff6a3,migrate__alembic__kickstandproject/payload__ffeff6a3
models,model,hwwang55/gcn-lpa,7a974861900be4415113d84baf00c49b82b2d8d9,0,1,,,,0,0,https://github.com/hwwang55/gcn-lpa/commit/7a974861,models__model__hwwang55/gcn-lpa__7a974861
msgpack,u-msgpack-python,crossbario/autobahn-python,9e00896d3601b965e58b21eaac233fc9b9509272,3,1,function call,function call,argument deletion,1,1,https://github.com/crossbario/autobahn-python/commit/9e00896d,msgpack__u-msgpack-python__crossbario/autobahn-python__9e00896d
msgpack,u-msgpack-python,kushalp/serfclient-py,3adbf0f1cebe37239a1ca2eda427ee91b4570207,4,1,function call,"attribute, function call",,2,0,https://github.com/kushalp/serfclient-py/commit/3adbf0f1,msgpack__u-msgpack-python__kushalp/serfclient-py__3adbf0f1
multiprocessing,multiprocess,czheo/syntax_sugar_python,1dbc1d44855acd57f280cca03878681e8dc26b01,2,1,function call,function call,element name change,1,1,https://github.com/czheo/syntax_sugar_python/commit/1dbc1d44,multiprocessing__multiprocess__czheo/syntax_sugar_python__1dbc1d44
multiprocessing,multiprocess,jhsmit/colicoords,a082ad56448cf9db47ee5b14d1466d1c362c3cff,3,1,function call,function call,argument addition,1,1,https://github.com/jhsmit/colicoords/commit/a082ad56,multiprocessing__multiprocess__jhsmit/colicoords__a082ad56
multiprocess,multiprocessing,axelrod-python/axelrod,70f3a3520291812966b68d443dd94289939e0537,0,2,,,,0,0,https://github.com/axelrod-python/axelrod/commit/70f3a352,multiprocess__multiprocessing__axelrod-python/axelrod__70f3a352
multiprocess,multiprocessing,intelpni/brainiak,e62dc1d02ad1a3f2e7f8ef909b035349cd5552c5,1,1,function call,function call,,1,0,https://github.com/intelpni/brainiak/commit/e62dc1d0,multiprocess__multiprocessing__intelpni/brainiak__e62dc1d0
multiprocess,multiprocessing,markovmodel/msmtools,a3a152ea77d571a6087149540350e3826ad92ab0,0,1,,,,0,0,https://github.com/markovmodel/msmtools/commit/a3a152ea,multiprocess__multiprocessing__markovmodel/msmtools__a3a152ea
napalm-base,napalm,afourmy/e-napalm,1033665344fa7330a27b31883d6b14efa3f35547,0,1,,,,0,0,https://github.com/afourmy/e-napalm/commit/10336653,napalm-base__napalm__afourmy/e-napalm__10336653
netaddr,ipaddress,ovirt/vdsm,6eef802af9194c702b2799d23527e85b152f0ad6,12,3,"attribute, exception, function call, function reference","attribute, function call, function reference","element name change, output transformation",4,2,https://github.com/ovirt/vdsm/commit/6eef802a,netaddr__ipaddress__ovirt/vdsm__6eef802a
netaddr,py2-ipaddress,jimfunk/django-postgresql-netfields,a5a11184ffd33a0d12878881f055455b4818d282,15,3,"exception, function call, type","attribute, exception, function call, type",element name change,4,1,https://github.com/jimfunk/django-postgresql-netfields/commit/a5a11184,netaddr__py2-ipaddress__jimfunk/django-postgresql-netfields__a5a11184
netaddr,py2-ipaddress,nitmir/policyd-rate-limit,c024e06ab9313b2b4dae1e1962aa9c2a4de4d62e,4,1,function call,"exception, function call",element name change,2,1,https://github.com/nitmir/policyd-rate-limit/commit/c024e06a,netaddr__py2-ipaddress__nitmir/policyd-rate-limit__c024e06a
neutron,neutron-lib,openstack/networking-bagpipe,4bb14fa0be826184e4e9c85793af63a121453613,0,1,,,,0,0,https://github.com/openstack/networking-bagpipe/commit/4bb14fa0,neutron__neutron-lib__openstack/networking-bagpipe__4bb14fa0
neutron,neutron-lib,openstack/networking-fortinet,2365dcbdf9a1b5bbd6b3c550cbf3428725156f90,0,2,,,,0,0,https://github.com/openstack/networking-fortinet/commit/2365dcbd,neutron__neutron-lib__openstack/networking-fortinet__2365dcbd
neutron,neutron-lib,openstack/networking-generic-switch,c6f4b71bf3aad44ba8948f4226791a55ba95ce4c,1,1,type,type,element name change,1,1,https://github.com/openstack/networking-generic-switch/commit/c6f4b71b,neutron__neutron-lib__openstack/networking-generic-switch__c6f4b71b
neutron,neutron-lib,openstack/networking-nec,ff1695d591d2a78dc668cc02e62d029a1dad75f5,0,1,,,,0,0,https://github.com/openstack/networking-nec/commit/ff1695d5,neutron__neutron-lib__openstack/networking-nec__ff1695d5
neutron,neutron-lib,openstack/networking-odl,a40b9d90d28d086b82f110d8e53d42ed13465ad7,0,6,,,,0,0,https://github.com/openstack/networking-odl/commit/a40b9d90,neutron__neutron-lib__openstack/networking-odl__a40b9d90
node-semver,semantic-version,openstack/solar,8766f11d9618c45f397a989eef67a800da166a21,7,1,function call,function call,"element name change, output transformation",1,2,https://github.com/openstack/solar/commit/8766f11d,node-semver__semantic-version__openstack/solar__8766f11d
oauth2,oauthlib,discogs/discogs_client,c56f61aa1d190aa76db71005612a40540277e288,2,1,function call,"attribute, function call","argument addition, element name change",2,2,https://github.com/discogs/discogs_client/commit/c56f61aa,oauth2__oauthlib__discogs/discogs_client__c56f61aa
openpyxl,xlsxwriter,bcgov/gwells,57d12c42941e0afb07ac46fb51f8316d6c5a0cea,1,1,function call,function call,element name change,1,1,https://github.com/bcgov/gwells/commit/57d12c42,openpyxl__xlsxwriter__bcgov/gwells__57d12c42
openstackclient,osc-lib,openstack/deb-python-ironic-inspector-client,c25d73e554d78022f0b933473c3fe27074f5c951,0,2,,,,0,0,https://github.com/openstack/deb-python-ironic-inspector-client/commit/c25d73e5,openstackclient__osc-lib__openstack/deb-python-ironic-inspector-client__c25d73e5
openstackclient,osc-lib,openstack/deb-python-muranoclient,e3a2b68f61d898c6a415ded9ba07a5fb6ce946d8,0,4,,,,0,0,https://github.com/openstack/deb-python-muranoclient/commit/e3a2b68f,openstackclient__osc-lib__openstack/deb-python-muranoclient__e3a2b68f
openstackclient,osc-lib,openstack/python-searchlightclient,0bc93d17f7d9c7251064de6c2616d70fc850c0c8,0,4,,,,0,0,https://github.com/openstack/python-searchlightclient/commit/0bc93d17,openstackclient__osc-lib__openstack/python-searchlightclient__0bc93d17
paramiko,fabric,aws/aws-parallelcluster,d49460ac5ca5ac3c5728ef7f13471f0682d7e966,7,1,"attribute, function call","attribute, function call","argument addition, argument name change, argument transformation, element name change",2,4,https://github.com/aws/aws-parallelcluster/commit/d49460ac,paramiko__fabric__aws/aws-parallelcluster__d49460ac
pep8,pycodestyle,cyberbotics/urdf2webots,723168dbfff6132aa5591837d43c960679a0a2c4,2,1,"function call, type","function call, type",,2,0,https://github.com/cyberbotics/urdf2webots/commit/723168db,pep8__pycodestyle__cyberbotics/urdf2webots__723168db
pep8,pycodestyle,fabioz/PyDev.Debugger,d535c190c06df3fa968cdf55154359cbd3b0d828,11,1,"attribute, function call, type","attribute, function call, type",,3,0,https://github.com/fabioz/PyDev.Debugger/commit/d535c190,pep8__pycodestyle__fabioz/PyDev.Debugger__d535c190
pep8,pycodestyle,hhatto/autopep8,3e1c196570204482d1376d4050633b8de6565533,10,1,"attribute, function call","attribute, function call",,2,0,https://github.com/hhatto/autopep8/commit/3e1c1965,pep8__pycodestyle__hhatto/autopep8__3e1c1965
pep8,pycodestyle,nchammas/flintrock,7323298d4a7827887d12f20787385255fccaaca4,1,1,function call,function call,,1,0,https://github.com/nchammas/flintrock/commit/7323298d,pep8__pycodestyle__nchammas/flintrock__7323298d
pep8,pycodestyle,openstack/designate,2c9e9f5f41d4fdf6a5f4f9870e0bb261c53d4e94,1,1,function call,function call,,1,0,https://github.com/openstack/designate/commit/2c9e9f5f,pep8__pycodestyle__openstack/designate__2c9e9f5f
pep8,pycodestyle,openstack/sahara,61b0b2e03846f3d743b8dafa604632e15ca47ea1,1,1,function call,function call,,1,0,https://github.com/openstack/sahara/commit/61b0b2e0,pep8__pycodestyle__openstack/sahara__61b0b2e0
pep8,pycodestyle,schlamar/flake8-todo,fcd59c6c0ba68ec7b394709fbf219418ecff14a5,1,1,function call,function call,,1,0,https://github.com/schlamar/flake8-todo/commit/fcd59c6c,pep8__pycodestyle__schlamar/flake8-todo__fcd59c6c
pil,pillow,rcos/observatory-retired,f970b543dc349460492a32a11731738062bfcc09,0,1,,,,0,0,https://github.com/rcos/observatory-retired/commit/f970b543,pil__pillow__rcos/observatory-retired__f970b543
pil,pillow,shoebot/shoebot,0171fb9ff6ed2fed71dcfe82eef7ca723d609fcf,0,1,,,,0,0,https://github.com/shoebot/shoebot/commit/0171fb9f,pil__pillow__shoebot/shoebot__0171fb9f
prettytable,tabulate,educationaltestingservice/skll,f870a65904a449103d8f147e9746e548965f27d1,1,1,"attribute, function call",function call,element name change,2,1,https://github.com/educationaltestingservice/skll/commit/f870a659,prettytable__tabulate__educationaltestingservice/skll__f870a659
progressbar,tqdm,ozencb/yts-scraper,383401ae9f95fed9132d26b4b9aed8e4c44d47b5,7,1,function call,function call,"argument addition, argument deletion, element name change",1,3,https://github.com/ozencb/yts-scraper/commit/383401ae,progressbar__tqdm__ozencb/yts-scraper__383401ae
progressbar,tqdm,redkyn/assigner,f132d03c9154401da28316e552fc6ca0bd51cf31,2,1,function call,function call,"argument deletion, element name change",1,2,https://github.com/redkyn/assigner/commit/f132d03c,progressbar__tqdm__redkyn/assigner__f132d03c
progressbar,tqdm,rivuletstudio/rivuletpy,52068adbb96160b27768f0d5bb64672dab109d99,5,1,function call,function call,"argument name change, argument transformation, element name change",1,3,https://github.com/rivuletstudio/rivuletpy/commit/52068adb,progressbar__tqdm__rivuletstudio/rivuletpy__52068adb
progressbar,tqdm,wkentaro/fcn,399069ac568af1d295a5ac2d3b61b531af998898,0,1,,,,0,0,https://github.com/wkentaro/fcn/commit/399069ac,progressbar__tqdm__wkentaro/fcn__399069ac
py-bcrypt,bcrypt,weasyl/weasyl,f6230c731f662be1301bdc38f6ab9815c7441144,2,1,function call,function call,argument transformation,1,1,https://github.com/weasyl/weasyl/commit/f6230c73,py-bcrypt__bcrypt__weasyl/weasyl__f6230c73
pyandoc,pypandoc,hustlzp/permission,d174a21795ede39cdfce884a7f9757f50e29ca9b,1,1,"attribute, function call",function call,"argument addition, element name change",2,2,https://github.com/hustlzp/permission/commit/d174a217,pyandoc__pypandoc__hustlzp/permission__d174a217
pycryptodome,cryptography,allencellmodeling/cookiecutter-pypackage,8d172cbc6f07c1f12c70670057dc609df0932e21,2,1,function call,function call,"argument addition, argument transformation, element name change",1,3,https://github.com/allencellmodeling/cookiecutter-pypackage/commit/8d172cbc,pycryptodome__cryptography__allencellmodeling/cookiecutter-pypackage__8d172cbc
pycryptodome,cryptography,apache/libcloud,a68022d1dff4daebafccff15106ba6988c9464d8,2,1,function call,function call,"argument addition, argument transformation, element name change",1,3,https://github.com/apache/libcloud/commit/a68022d1,pycryptodome__cryptography__apache/libcloud__a68022d1
pycryptodome,cryptography,cloudve/cloudbridge,27b217e070e5711a7fd21c76663d64918fcd9c6e,3,1,function call,function call,"argument addition, argument deletion, element name change",1,3,https://github.com/cloudve/cloudbridge/commit/27b217e0,pycryptodome__cryptography__cloudve/cloudbridge__27b217e0
pycryptodome,cryptography,coresecurity/pysap,21fe13a08b83d6fcabbdbbddaf15c3c5dd53de77,4,1,"function call, function reference","function call, function reference","argument addition, argument transformation, element name change",2,3,https://github.com/coresecurity/pysap/commit/21fe13a0,pycryptodome__cryptography__coresecurity/pysap__21fe13a0
pycryptodome,cryptography,jvanovost/dc09_spt,08a9d0b85bf03b9d4d55294a6f287e3068579834,4,1,function call,function call,"argument transformation, element name change",1,2,https://github.com/jvanovost/dc09_spt/commit/08a9d0b8,pycryptodome__cryptography__jvanovost/dc09_spt__08a9d0b8
pycryptodome,cryptography,leifj/pyxmlsecurity,b5d88c805e12296bc31d287f64f455523bcbe123,6,1,,"function call, type",,2,0,https://github.com/leifj/pyxmlsecurity/commit/b5d88c80,pycryptodome__cryptography__leifj/pyxmlsecurity__b5d88c80
pycryptodome,cryptography,mitya57/secretstorage,e637c3b38bec3798f75fba190a597d37e1dcc3d6,6,3,function call,function call,"argument addition, argument transformation, element name change",1,3,https://github.com/mitya57/secretstorage/commit/e637c3b3,pycryptodome__cryptography__mitya57/secretstorage__e637c3b3
pycryptodome,cryptography,ojarva/python-sshpubkeys,e3ee2d2635e8489ef6e3a57520e3bf1b61d94962,4,1,function call,"attribute, function call","argument addition, element name change",2,2,https://github.com/ojarva/python-sshpubkeys/commit/e3ee2d26,pycryptodome__cryptography__ojarva/python-sshpubkeys__e3ee2d26
pycryptodome,cryptography,openstack/glance,5ebde9079b34544cc6642a73b40ec865bcef8580,6,1,function call,function call,"argument addition, argument transformation, element name change",1,3,https://github.com/openstack/glance/commit/5ebde907,pycryptodome__cryptography__openstack/glance__5ebde907
pycryptodome,cryptography,openstack/keystonemiddleware,e23cb36ac03c5e3a368cb8c493927cf8babc8dbc,5,1,"function call, type","function call, type","argument addition, argument deletion, argument transformation, element name change",2,4,https://github.com/openstack/keystonemiddleware/commit/e23cb36a,pycryptodome__cryptography__openstack/keystonemiddleware__e23cb36a
pycryptodome,cryptography,privacyidea/privacyidea,bcd8a454b7ab53ac6f531a9f8d88061217ff9d67,10,2,"attribute, function call","attribute, function call","argument addition, argument name change, argument transformation, element name change",2,4,https://github.com/privacyidea/privacyidea/commit/bcd8a454,pycryptodome__cryptography__privacyidea/privacyidea__bcd8a454
pycryptodome,cryptography,rev112/pyope,48c294a3fba2b424d75f0e7f541f31a1cc0421a6,2,1,function call,function call,"argument addition, argument deletion, argument transformation, element name change",1,4,https://github.com/rev112/pyope/commit/48c294a3,pycryptodome__cryptography__rev112/pyope__48c294a3
pycryptodome,cryptography,secdev/scapy,c24298b9569bd8b46114882cf404b03d8682cba3,13,2,"attribute, function call, type","attribute, exception, function call, type","argument addition, argument deletion, argument transformation, element name change",4,4,https://github.com/secdev/scapy/commit/c24298b9,pycryptodome__cryptography__secdev/scapy__c24298b9
pycryptodome,cryptography,spockbotmc/spockbot,4442170e317a69d36df1b34f29c45652f1d296c2,9,2,function call,function call,"argument addition, argument name change, argument transformation, element name change",1,4,https://github.com/spockbotmc/spockbot/commit/4442170e,pycryptodome__cryptography__spockbotmc/spockbot__4442170e
pycryptodome,cryptography,tgalal/python-axolotl,f74a936745db2c2f04575bd63308d6b6c0cc91ce,5,1,function call,function call,"argument addition, argument deletion, argument transformation, element name change",1,4,https://github.com/tgalal/python-axolotl/commit/f74a9367,pycryptodome__cryptography__tgalal/python-axolotl__f74a9367
pycryptodome,cryptography,twisted/twisted,e31995c9894c04b916191913107943caef1f48e8,23,7,"function call, type","exception, function call, type","argument addition, argument transformation, element name change",3,3,https://github.com/twisted/twisted/commit/e31995c9,pycryptodome__cryptography__twisted/twisted__e31995c9
pycryptodome,pycryptodomex,azure/aztk,19dde429a702c29bdcf86a69805053ecfd02edee,0,4,,,,0,0,https://github.com/azure/aztk/commit/19dde429,pycryptodome__pycryptodomex__azure/aztk__19dde429
pycryptodome,pycryptodomex,malwaredllc/byob,9291b54ed6a1c727030c571a6ebdf7b344781c8f,21,2,"attribute, function call, type","attribute, function call, type",,3,0,https://github.com/malwaredllc/byob/commit/9291b54e,pycryptodome__pycryptodomex__malwaredllc/byob__9291b54e
pycryptodome,pycryptodomex,snemes/malware-analysis,02b064b4acc0ae26d6c61246ab3f1f45b750091a,0,1,,,,0,0,https://github.com/snemes/malware-analysis/commit/02b064b4,pycryptodome__pycryptodomex__snemes/malware-analysis__02b064b4
pycrypto,cryptography,freeopcua/opcua-asyncio,cdaff1575780a99ab035abb08a6ad13414cd4859,0,1,,,,0,0,https://github.com/freeopcua/opcua-asyncio/commit/cdaff157,pycrypto__cryptography__freeopcua/opcua-asyncio__cdaff157
pycrypto,pycryptodome,camptocamp/c2cgeoportal,14388c3d85ab164d7b36b1331534913a1c9d6c9a,4,2,function call,function call,"argument addition, argument transformation, element name change",1,3,https://github.com/camptocamp/c2cgeoportal/commit/14388c3d,pycrypto__pycryptodome__camptocamp/c2cgeoportal__14388c3d
pycrypto,pycryptodome,hhyo/archery,e192ca69e2d610bc59a9f10165c7fd1c8ab9b157,1,1,function call,function call,argument transformation,1,1,https://github.com/hhyo/archery/commit/e192ca69,pycrypto__pycryptodome__hhyo/archery__e192ca69
pycurl,requests,tasmota/decode-config,5be614174b1e282440fa0166e48c0d39bafb3ff1,2,1,function call,"attribute, function call","argument transformation, element name change",2,2,https://github.com/tasmota/decode-config/commit/5be61417,pycurl__requests__tasmota/decode-config__5be61417
pycurl,requests,upstox/upstox-python,dce87602c4bcc41ddee1cfb06c5fe1866a338fee,2,1,function call,,,1,0,https://github.com/upstox/upstox-python/commit/dce87602,pycurl__requests__upstox/upstox-python__dce87602
pydotplus,pydot2,networkx/networkx,481f3e8e405cafc05c570e8fc5a2a4d531f86121,0,6,,,,0,0,https://github.com/networkx/networkx/commit/481f3e8e,pydotplus__pydot2__networkx/networkx__481f3e8e
pydotplus,pydot2,trungdong/prov,acb9b05f0bd99b3fbd58e5f1a684d1cfc28961f8,0,1,,,,0,0,https://github.com/trungdong/prov/commit/acb9b05f,pydotplus__pydot2__trungdong/prov__acb9b05f
pydotplus,pydot,mathics/mathics,915daeb9cd029b666ac3156b1c8f52939f6d0198,1,1,function call,,,1,0,https://github.com/mathics/mathics/commit/915daeb9,pydotplus__pydot__mathics/mathics__915daeb9
pyfits,astropy,glue-viz/glue,5b2d7f925fd49aac3654c7f288e87e9b6df347cf,7,4,"attribute, function call","attribute, function call",,2,0,https://github.com/glue-viz/glue/commit/5b2d7f92,pyfits__astropy__glue-viz/glue__5b2d7f92
pyfits,astropy,icrar/ngas,fa8b714cfe1a3644f4132b25932b614a2ed625a7,0,3,,,,0,0,https://github.com/icrar/ngas/commit/fa8b714c,pyfits__astropy__icrar/ngas__fa8b714c
pyfits,astropy,spacetelescope/pysynphot,5b80ada45d2eb5fcdcca8959d073713ab3e84c7b,0,18,,,,0,0,https://github.com/spacetelescope/pysynphot/commit/5b80ada4,pyfits__astropy__spacetelescope/pysynphot__5b80ada4
pymilvus-orm,pymilvus,milvus-io/bootcamp,89c7afc6548362e9bbf1dbf6142aabb02bc3bb93,1,1,function call,function call,"argument addition, element name change",1,2,https://github.com/milvus-io/bootcamp/commit/89c7afc6,pymilvus-orm__pymilvus__milvus-io/bootcamp__89c7afc6
pymilvus-orm,pymilvus,milvus-io/bootcamp,a7f4c3f13e007116d88d9a2776f471a4e4f1fc81,0,1,,,,0,0,https://github.com/milvus-io/bootcamp/commit/a7f4c3f1,pymilvus-orm__pymilvus__milvus-io/bootcamp__a7f4c3f1
pymilvus-orm,pymilvus,milvus-io/bootcamp,e5073e4c0c3e799822e939268d80c8f0601ea4cf,0,2,,,,0,0,https://github.com/milvus-io/bootcamp/commit/e5073e4c,pymilvus-orm__pymilvus__milvus-io/bootcamp__e5073e4c
pyopenssl,cryptography,celery/celery,9b39fc41998c708c6612f0c7bf4393bf48f72e9b,9,4,"exception, function call","attribute, exception, function call","argument addition, argument deletion, argument transformation, element name change",3,4,https://github.com/celery/celery/commit/9b39fc41,pyopenssl__cryptography__celery/celery__9b39fc41
pyopenssl,cryptography,openstack/neutron-lbaas,bb34d71c7772d1728d6ceaa04333856f8b6ea4d4,1,1,function call,function call,"argument addition, argument deletion, element name change",1,3,https://github.com/openstack/neutron-lbaas/commit/bb34d71c,pyopenssl__cryptography__openstack/neutron-lbaas__bb34d71c
pyopenssl,cryptography,RIPE-NCC/ripe-atlas-sagan,f6fc10c8f55b73a3229f4f5f5beea4d771994913,8,1,function call,"attribute, function call","argument addition, argument deletion, argument transformation, element name change, output transformation",2,5,https://github.com/RIPE-NCC/ripe-atlas-sagan/commit/f6fc10c8,pyopenssl__cryptography__RIPE-NCC/ripe-atlas-sagan__f6fc10c8
pypcap,pcapy,openstack/steth,a981d2eff81eec01d3663c5530e79852619e9d7e,1,1,function call,function call,element name change,1,1,https://github.com/openstack/steth/commit/a981d2ef,pypcap__pcapy__openstack/steth__a981d2ef
pyqt5,pyside2,catalystneuro/nwb-conversion-tools,a2ef3358d8aa51f8f49b81debcd54b648e25b6da,4,8,function call,function call,,1,0,https://github.com/catalystneuro/nwb-conversion-tools/commit/a2ef3358,pyqt5__pyside2__catalystneuro/nwb-conversion-tools__a2ef3358
pyqt5,pyside2,sanpen/gridcal,39a5dd91e4f42ccab5d18efbf899293f18330ec7,349,28,"decorator, function call","decorator, function call","argument addition, element name change",2,2,https://github.com/sanpen/gridcal/commit/39a5dd91,pyqt5__pyside2__sanpen/gridcal__39a5dd91
pyqt5,pyside6,toufool/auto-split,86244b6c190f48200826788fa6af4bd8d26b230f,71,8,"attribute, function call","attribute, function call","argument transformation, element name change",2,2,https://github.com/toufool/auto-split/commit/86244b6c,pyqt5__pyside6__toufool/auto-split__86244b6c
pyquery,beautifulsoup4,idan/telostats,f73354ab6a11c665921a25d9bdfdbd74a33b55fb,3,1,function call,function call,"argument addition, argument transformation, element name change",1,3,https://github.com/idan/telostats/commit/f73354ab,pyquery__beautifulsoup4__idan/telostats__f73354ab
pyside2,qtpy,pypeit/pypeit,ba5e21ad19520001e4d4e8441910a43be9496115,0,1,,,,0,0,https://github.com/pypeit/pypeit/commit/ba5e21ad,pyside2__qtpy__pypeit/pypeit__ba5e21ad
python-ldap,ldap3,cloud-custodian/cloud-custodian,cbaf252ff1eb554511b0384392ea02387887ed6c,0,1,,,,0,0,https://github.com/cloud-custodian/cloud-custodian/commit/cbaf252f,python-ldap__ldap3__cloud-custodian/cloud-custodian__cbaf252f
python-ldap,ldap3,ictu/quality-time,cc47b42cf70b6968b22a3819bf0b9714135271c1,2,1,function call,function call,"argument addition, argument deletion, element name change",1,3,https://github.com/ictu/quality-time/commit/cc47b42c,python-ldap__ldap3__ictu/quality-time__cc47b42c
python3-memcached,pymemcache,flan/staticdhcpd,0e648193ba476780ff951ede0cbbf9c871bc1aca,1,1,function call,function call,"argument addition, argument transformation",1,2,https://github.com/flan/staticdhcpd/commit/0e648193,python3-memcached__pymemcache__flan/staticdhcpd__0e648193
pytorch-pretrained-bert,pytorch-transformers,haoxizhong/pytorch-worker,fa8de771a86df6130d7ff456319240bc1387804d,1,2,function call,function call,argument deletion,1,1,https://github.com/haoxizhong/pytorch-worker/commit/fa8de771,pytorch-pretrained-bert__pytorch-transformers__haoxizhong/pytorch-worker__fa8de771
pytorch-pretrained-bert,pytorch-transformers,kaushaltrivedi/fast-bert,1c96992f4e825e9dd8635a36007d498396d87eba,3,5,type,type,element name change,1,1,https://github.com/kaushaltrivedi/fast-bert/commit/1c96992f,pytorch-pretrained-bert__pytorch-transformers__kaushaltrivedi/fast-bert__1c96992f
pytorch-pretrained-bert,pytorch-transformers,naver/claf,cffe4993564244545f085ede95eb848b94d07bde,0,1,,,,0,0,https://github.com/naver/claf/commit/cffe4993,pytorch-pretrained-bert__pytorch-transformers__naver/claf__cffe4993
pytorch-pretrained-bert,transformers,tiiiger/bert_score,04376e1e50d452f698b454a074d526d5ecd6a76b,2,1,function call,function call,argument transformation,1,1,https://github.com/tiiiger/bert_score/commit/04376e1e,pytorch-pretrained-bert__transformers__tiiiger/bert_score__04376e1e
pytorch-transformers,transformers,allenai/abductive-commonsense-reasoning,abfeffc58f4d5ccfccbadedcb70dea6fab981f82,0,1,,,,0,0,https://github.com/allenai/abductive-commonsense-reasoning/commit/abfeffc5,pytorch-transformers__transformers__allenai/abductive-commonsense-reasoning__abfeffc5
pytorch-transformers,transformers,calclavia/story-generation,8954fad71993decf00cafa4407413a305ccd381c,0,5,,,,0,0,https://github.com/calclavia/story-generation/commit/8954fad7,pytorch-transformers__transformers__calclavia/story-generation__8954fad7
pytorch-transformers,transformers,huggingface/transfer-learning-conv-ai,16074b209c8a94c887c2b869d773ea5f56d8593b,1,5,type,type,,1,0,https://github.com/huggingface/transfer-learning-conv-ai/commit/16074b20,pytorch-transformers__transformers__huggingface/transfer-learning-conv-ai__16074b20
pytorch-transformers,transformers,intellabs/nlp-architect,9f067f27667f622b94c71cf703716513d8a19ea8,11,4,type,"function call, type",,2,0,https://github.com/intellabs/nlp-architect/commit/9f067f27,pytorch-transformers__transformers__intellabs/nlp-architect__9f067f27
pytorch-transformers,transformers,jsybrandt/agatha,b570ef0eed11a0d55f1e00d0291fccad62f06222,0,1,,,,0,0,https://github.com/jsybrandt/agatha/commit/b570ef0e,pytorch-transformers__transformers__jsybrandt/agatha__b570ef0e
pytorch-transformers,transformers,nvidia/nemo,786651234cc92e1bb1d14e44aa5e207867f85596,0,8,,,,0,0,https://github.com/nvidia/nemo/commit/78665123,pytorch-transformers__transformers__nvidia/nemo__78665123
pytz,pendulum,oddluck/limnoria-plugins,2c40713d3a2778d6f729d896372c3bcd74302104,0,1,,,,0,0,https://github.com/oddluck/limnoria-plugins/commit/2c40713d,pytz__pendulum__oddluck/limnoria-plugins__2c40713d
pytz,pendulum,oddluck/limnoria-plugins,33c7a3fc0878d87ee803db91c17523a9e61af3ed,0,2,,,,0,0,https://github.com/oddluck/limnoria-plugins/commit/33c7a3fc,pytz__pendulum__oddluck/limnoria-plugins__33c7a3fc
pyuserinput,pynput,activitywatch/aw-watcher-afk,297b58cb7e65a05744dbf9aa30b2e179cd653e11,2,1,function call,function call,"argument addition, argument deletion, element name change",1,3,https://github.com/activitywatch/aw-watcher-afk/commit/297b58cb,pyuserinput__pynput__activitywatch/aw-watcher-afk__297b58cb
pyyaml,oyaml,cronyo/cronyo,edd0cc6078a1c0b6afaee0b71946ac61e14fdaed,0,1,,,,0,0,https://github.com/cronyo/cronyo/commit/edd0cc60,pyyaml__oyaml__cronyo/cronyo__edd0cc60
pyyaml,oyaml,gammapy/gammapy,848da6312d566b699888d77d3894ab2f1a9a8baf,0,1,,,,0,0,https://github.com/gammapy/gammapy/commit/848da631,pyyaml__oyaml__gammapy/gammapy__848da631
pyyaml,ruamel.yaml,cloud-custodian/cloud-custodian,ee4d52689e1f4965439b2d360c89eddf8767a935,0,3,,,,0,0,https://github.com/cloud-custodian/cloud-custodian/commit/ee4d5268,pyyaml__ruamel.yaml__cloud-custodian/cloud-custodian__ee4d5268
pyyaml,ruamel.yaml,common-workflow-language/cwltool,b9b65c0f4d7531c8a97690356ecf1a34214eaac2,0,1,,,,0,0,https://github.com/common-workflow-language/cwltool/commit/b9b65c0f,pyyaml__ruamel.yaml__common-workflow-language/cwltool__b9b65c0f
pyyaml,ruamel.yaml,holgern/beem,f5ba90e2cc5bb88b29b173bae11ba46e06efecf7,0,1,,,,0,0,https://github.com/holgern/beem/commit/f5ba90e2,pyyaml__ruamel.yaml__holgern/beem__f5ba90e2
raven,sentry-sdk,agdsn/sipa,ea23791cfdc36d614189418a01a57c78859fa5e8,1,1,function call,function call,"argument addition, argument deletion, element name change",1,3,https://github.com/agdsn/sipa/commit/ea23791c,raven__sentry-sdk__agdsn/sipa__ea23791c
raven,sentry-sdk,city-of-helsinki/respa,4fecb977083666abb353b203f661cdb0952a0764,2,2,function call,function call,"argument deletion, element name change",1,2,https://github.com/city-of-helsinki/respa/commit/4fecb977,raven__sentry-sdk__city-of-helsinki/respa__4fecb977
raven,sentry-sdk,etalab/udata,9bc0f731c23bb6fc45765bb312aabf94e697de3c,2,1,"attribute, function call","attribute, function call","argument addition, argument transformation, element name change",2,3,https://github.com/etalab/udata/commit/9bc0f731,raven__sentry-sdk__etalab/udata__9bc0f731
raven,sentry-sdk,habitissimo/myaas,0a65bcc2ce97a2e3ad9b028b1cf9bcc58499f5d9,1,1,function call,function call,"argument addition, argument deletion, element name change",1,3,https://github.com/habitissimo/myaas/commit/0a65bcc2,raven__sentry-sdk__habitissimo/myaas__0a65bcc2
raven,sentry-sdk,kiwicom/the-zoo,e22070c01d0beee9622d9dc393530ce1a6f254e5,3,4,function call,"attribute, function call",element name change,2,1,https://github.com/kiwicom/the-zoo/commit/e22070c0,raven__sentry-sdk__kiwicom/the-zoo__e22070c0
raven,sentry-sdk,mozilla/addons-server,634c64f7d1a6e6183087ad996599f1c033e333b1,1,1,function call,function call,"argument transformation, element name change",1,2,https://github.com/mozilla/addons-server/commit/634c64f7,raven__sentry-sdk__mozilla/addons-server__634c64f7
raven,sentry-sdk,onecodex/onecodex,120d9613fe1b8c7a6af247ec2dce8937127207c5,5,1,function call,function call,"argument addition, argument transformation, element name change",1,3,https://github.com/onecodex/onecodex/commit/120d9613,raven__sentry-sdk__onecodex/onecodex__120d9613
raven,sentry-sdk,pokainc/cfn-cross-region-export,f1120d34c2a71686e769995300ac7cf09f858e34,1,1,function call,function call,"argument addition, argument deletion, element name change",1,3,https://github.com/pokainc/cfn-cross-region-export/commit/f1120d34,raven__sentry-sdk__pokainc/cfn-cross-region-export__f1120d34
raven,sentry-sdk,samuelcolvin/aiohttp-toolbox,3b7a2a33f2b9eae5edd188752fad73ff36ff7c44,1,1,function call,function call,"argument deletion, argument transformation, element name change",1,3,https://github.com/samuelcolvin/aiohttp-toolbox/commit/3b7a2a33,raven__sentry-sdk__samuelcolvin/aiohttp-toolbox__3b7a2a33
raven,sentry-sdk,teamsempo/sempoblockchain,449990a2f87b776eb6d498d542469408148c85ce,5,3,function call,function call,"argument addition, argument transformation, element name change",1,3,https://github.com/teamsempo/sempoblockchain/commit/449990a2,raven__sentry-sdk__teamsempo/sempoblockchain__449990a2
raven,sentry-sdk,thespaghettidetective/thespaghettidetective,b86b375952cc3e965c32201caa8094998c56cde7,9,1,function call,function call,element name change,1,1,https://github.com/thespaghettidetective/thespaghettidetective/commit/b86b3759,raven__sentry-sdk__thespaghettidetective/thespaghettidetective__b86b3759
raven,sentry-sdk,weasyl/weasyl,d10cb162447d9e3a9506b76054851863b10ff27a,1,2,function call,function call,"argument addition, element name change",1,2,https://github.com/weasyl/weasyl/commit/d10cb162,raven__sentry-sdk__weasyl/weasyl__d10cb162
redis,aioredis,walletconnect/py-walletconnect-bridge,c2d3db2aa64cccab96d71f8786981fdbb82a2773,6,1,function call,function call,"argument addition, argument deletion, argument transformation, async transformation, element name change",1,5,https://github.com/walletconnect/py-walletconnect-bridge/commit/c2d3db2a,redis__aioredis__walletconnect/py-walletconnect-bridge__c2d3db2a
requests-oauth2,oauthlib,mozilla/addons-server,5fd17b43f241bb83c2cdb1d2d179b3b4369e644f,1,1,function call,attribute,element name change,2,1,https://github.com/mozilla/addons-server/commit/5fd17b43,requests-oauth2__oauthlib__mozilla/addons-server__5fd17b43
requests-oauth2,requests-oauthlib,getsentry/sentry,0bfe540d62bd38483de26796e20ae014b2f06d54,0,1,,,,0,0,https://github.com/getsentry/sentry/commit/0bfe540d,requests-oauth2__requests-oauthlib__getsentry/sentry__0bfe540d
requests-oauth2,requests-oauthlib,gunthercox/chatterbot,6c3b234d2eb6692976f96ca253b83c73d6fea00c,6,1,function call,function call,,1,0,https://github.com/gunthercox/chatterbot/commit/6c3b234d,requests-oauth2__requests-oauthlib__gunthercox/chatterbot__6c3b234d
requests-oauth2,requests-oauthlib,sarumont/py-trello,ede0ceb10b1e08451767f2b709b52445ada72f37,4,1,function call,function call,,1,0,https://github.com/sarumont/py-trello/commit/ede0ceb1,requests-oauth2__requests-oauthlib__sarumont/py-trello__ede0ceb1
requests-oauth2,requests,sybrenstuvel/flickrapi,c4f8d7940d28080bfa358e3460d2f7f6ff2176e4,3,1,"attribute, function call","attribute, function call","argument deletion, argument transformation, element name change",2,3,https://github.com/sybrenstuvel/flickrapi/commit/c4f8d794,requests-oauth2__requests__sybrenstuvel/flickrapi__c4f8d794
requests,aiohttp,aiortc/aiortc,d30c24009196f6f520010f7cca1d24e7506163be,1,1,function call,function call,"async transformation, element name change, output transformation",1,3,https://github.com/aiortc/aiortc/commit/d30c2400,requests__aiohttp__aiortc/aiortc__d30c2400
requests,aiohttp,ictu/quality-time,d3a9a16a72348cece48c9788cf10db6cc043ec7c,10,4,"attribute, function call","attribute, function call","argument deletion, argument transformation, async transformation, element name change",2,4,https://github.com/ictu/quality-time/commit/d3a9a16a,requests__aiohttp__ictu/quality-time__d3a9a16a
requests,aiohttp,keselekpermen69/userbutt,a2dd44e191e6539011d3ff3a38535cb167ceb2e5,4,1,"attribute, function call","attribute, function call","async transformation, element name change",2,2,https://github.com/keselekpermen69/userbutt/commit/a2dd44e1,requests__aiohttp__keselekpermen69/userbutt__a2dd44e1
requests,aiohttp,paradoxalarminterface/pai,fac6f807b02028921310e48d14f3b71b365e283b,3,1,"attribute, function call","attribute, function call","async transformation, element name change",2,2,https://github.com/paradoxalarminterface/pai/commit/fac6f807,requests__aiohttp__paradoxalarminterface/pai__fac6f807
requests,aiohttp,raptor123471/dingolingo,1d8923abae93915ad877774e0fdc812d6c53a70b,4,1,"attribute, function call",function call,"argument addition, async transformation, element name change",2,3,https://github.com/raptor123471/dingolingo/commit/1d8923ab,requests__aiohttp__raptor123471/dingolingo__1d8923ab
requests,aiohttp,talkpython/async-techniques-python-course,a5c04bbd9b5614a8fc0317050c01e4c241b1b41d,6,3,function call,function call,"async transformation, element name change",1,2,https://github.com/talkpython/async-techniques-python-course/commit/a5c04bbd,requests__aiohttp__talkpython/async-techniques-python-course__a5c04bbd
requests,aiohttp,talkpython/async-techniques-python-course,ab4e5fdd32982c97e9701d3e1fdb8c39882d4250,2,1,function call,function call,"async transformation, element name change",1,2,https://github.com/talkpython/async-techniques-python-course/commit/ab4e5fdd,requests__aiohttp__talkpython/async-techniques-python-course__ab4e5fdd
requests,aiohttp,usergeteam/userge-plugins,80a54344d8a36252079661cb3486f4a3c33aa092,2,1,function call,"attribute, function call","async transformation, element name change",2,2,https://github.com/usergeteam/userge-plugins/commit/80a54344,requests__aiohttp__usergeteam/userge-plugins__80a54344
restkit,requests,sporteasy/python-poeditor,571085905db10c4ddd07ce83f875ca711000f171,6,1,"attribute, function call","attribute, function call","argument addition, argument name change, element name change, output transformation",2,4,https://github.com/sporteasy/python-poeditor/commit/57108590,restkit__requests__sporteasy/python-poeditor__57108590
retrying,tenacity,intelai/inference-model-manager,71aff3a0bd1ae2a7d7d91858dcbe721de152693e,7,4,decorator,decorator,argument transformation,1,1,https://github.com/intelai/inference-model-manager/commit/71aff3a0,retrying__tenacity__intelai/inference-model-manager__71aff3a0
retrying,tenacity,openstack/aodh,7587ab9bf362f3ed26c392e89aa4626429d95e7a,3,2,decorator,decorator,argument transformation,1,1,https://github.com/openstack/aodh/commit/7587ab9b,retrying__tenacity__openstack/aodh__7587ab9b
retrying,tenacity,openstack/ceilometer,380bb26dbb8aec89ea853d8afd435c213fd72b0c,4,3,decorator,decorator,argument transformation,1,1,https://github.com/openstack/ceilometer/commit/380bb26d,retrying__tenacity__openstack/ceilometer__380bb26d
retrying,tenacity,openstack/ironic-inspector,f4648facf76ff2ac742fc11bb81880f262e61ee2,1,1,decorator,decorator,"argument addition, argument name change, argument transformation",1,3,https://github.com/openstack/ironic-inspector/commit/f4648fac,retrying__tenacity__openstack/ironic-inspector__f4648fac
retrying,tenacity,openstack/ironic,b0607a26687c55548af111b128e49dd1e625ba9f,16,13,"decorator, function call","decorator, function call",argument transformation,2,1,https://github.com/openstack/ironic/commit/b0607a26,retrying__tenacity__openstack/ironic__b0607a26
retrying,tenacity,pokainc/cfn-cross-region-export,8d0ec687838ea69612d7b1236e2341198aef7937,0,1,,,,0,0,https://github.com/pokainc/cfn-cross-region-export/commit/8d0ec687,retrying__tenacity__pokainc/cfn-cross-region-export__8d0ec687
rpi.gpio,gpiozero,raspberrypilearning/push-button-stop-motion,0b6cdadb424feee7d6259966bbc1f6994e30320b,2,1,function call,function call,"argument deletion, element name change",1,2,https://github.com/raspberrypilearning/push-button-stop-motion/commit/0b6cdadb,rpi.gpio__gpiozero__raspberrypilearning/push-button-stop-motion__0b6cdadb
ruamel.yaml,pyyaml,cloud-custodian/cloud-custodian,12e3e8084ddb2e7f5ccbc5ea3c3bd3e4c7e9c207,0,3,,,,0,0,https://github.com/cloud-custodian/cloud-custodian/commit/12e3e808,ruamel.yaml__pyyaml__cloud-custodian/cloud-custodian__12e3e808
ruamel.yaml,pyyaml,microsoft/nni,b955ac99a46094d2d701d447e9df07509767cc32,8,6,function call,function call,"argument deletion, element name change",1,2,https://github.com/microsoft/nni/commit/b955ac99,ruamel.yaml__pyyaml__microsoft/nni__b955ac99
simplejson,ujson,covid-projections/covid-data-model,95385ff8e825098f27b1c5aebe489c95fb84fd33,0,1,,,,0,0,https://github.com/covid-projections/covid-data-model/commit/95385ff8,simplejson__ujson__covid-projections/covid-data-model__95385ff8
simplejson,ujson,zulip/zulip,222ef672b555fda7d6bd35c1db84c8744fd6ecb8,17,13,function call,function call,,1,0,https://github.com/zulip/zulip/commit/222ef672,simplejson__ujson__zulip/zulip__222ef672
slackclient,slack-sdk,alice-biometrics/petisco,9abf7b1f6ef8c55bdddcb9a5c2eff513f6a93130,0,3,,,,0,0,https://github.com/alice-biometrics/petisco/commit/9abf7b1f,slackclient__slack-sdk__alice-biometrics/petisco__9abf7b1f
slackclient,slack-sdk,slackapi/python-slack-events-api,813214e403c800722dd5a92449cb0a49b8b73abc,0,4,,,,0,0,https://github.com/slackapi/python-slack-events-api/commit/813214e4,slackclient__slack-sdk__slackapi/python-slack-events-api__813214e4
slackclient,slack-sdk,slackapi/python-slack-sdk,5f4d92a8048814fc4938753594e74d7cfc74c27a,5,2,"decorator, function call","decorator, function call",,2,0,https://github.com/slackapi/python-slack-sdk/commit/5f4d92a8,slackclient__slack-sdk__slackapi/python-slack-sdk__5f4d92a8
slackclient,slack-sdk,zulip/python-zulip-api,2d9cf64db860ab5e5eabb8151254b0f3dab609bd,3,1,"decorator, function call","decorator, function call",,2,0,https://github.com/zulip/python-zulip-api/commit/2d9cf64d,slackclient__slack-sdk__zulip/python-zulip-api__2d9cf64d
smbus-cffi,smbus2,pimoroni/inky,cba36514eb8c881f8bd1d92b0b6a5bf12b4b72fb,1,2,function call,function call,,1,0,https://github.com/pimoroni/inky/commit/cba36514,smbus-cffi__smbus2__pimoroni/inky__cba36514
sphinx-rtd-theme,edx-sphinx-theme,edx/ecommerce,c1e120fbdbbf99c9d591698d585af802a2079b69,1,1,function call,function call,,1,0,https://github.com/edx/ecommerce/commit/c1e120fb,sphinx-rtd-theme__edx-sphinx-theme__edx/ecommerce__c1e120fb
sphinx-rtd-theme,guzzle-sphinx-theme,bashtage/arch,3620700332f821ba84bcee1c4bfd53118e4e90a1,1,1,function call,function call,"element name change, output transformation",1,2,https://github.com/bashtage/arch/commit/36207003,sphinx-rtd-theme__guzzle-sphinx-theme__bashtage/arch__36207003
suds-py3,zeep,whynothugo/django-afip,827dd9f05a0ab517c7f4833754c0d60ddee48f56,1,2,exception,exception,element name change,1,1,https://github.com/whynothugo/django-afip/commit/827dd9f0,suds-py3__zeep__whynothugo/django-afip__827dd9f0
suds,zeep,hbldh/pybankid,79e424cef579d6bffc1e40048e46febbd53aded5,5,1,"exception, function call","exception, function call","argument deletion, element name change",2,2,https://github.com/hbldh/pybankid/commit/79e424ce,suds__zeep__hbldh/pybankid__79e424ce
suds,zeep,openstate/open-raadsinformatie,b56e48128d3551841287efdeebfb3a11f378eb6e,1,1,function call,function call,"argument addition, element name change",1,2,https://github.com/openstate/open-raadsinformatie/commit/b56e4812,suds__zeep__openstate/open-raadsinformatie__b56e4812
tables,h5py,yoseflab/scvi,35163f01deaa5db099b52683453a5fc49f064e11,1,1,function call,function call,"argument deletion, element name change",1,2,https://github.com/yoseflab/scvi/commit/35163f01,tables__h5py__yoseflab/scvi__35163f01
toml,tomlkit,greenbone/python-gvm,75a11ed482b70b5ffceaac939294ebaad2d7fe58,1,1,function call,function call,element name change,1,1,https://github.com/greenbone/python-gvm/commit/75a11ed4,toml__tomlkit__greenbone/python-gvm__75a11ed4
toolz,cytoolz,nlesc/xtas,0dbf3884e1a63065efc1523505348a343a1c2764,0,2,,,,0,0,https://github.com/nlesc/xtas/commit/0dbf3884,toolz__cytoolz__nlesc/xtas__0dbf3884
trollius,asyncio,popupcad/popupcad,d0526f68ebc8ddafbaa0fd7a3abf238d196b587d,0,1,,,,0,0,https://github.com/popupcad/popupcad/commit/d0526f68,trollius__asyncio__popupcad/popupcad__d0526f68
twitter,tweepy,cloudbotirc/cloudbot,f82432236f86ae0139a4f910394e453d790c28c6,27,1,"attribute, exception, function call","attribute, exception, function call","argument name change, argument transformation, element name change, output transformation",3,4,https://github.com/cloudbotirc/cloudbot/commit/f8243223,twitter__tweepy__cloudbotirc/cloudbot__f8243223
twitter,tweepy,huntwelch/mongobot,bea008ae61e1ea8304f429623ad87b036ac3649a,1,1,function call,function call,"argument name change, element name change",1,2,https://github.com/huntwelch/mongobot/commit/bea008ae,twitter__tweepy__huntwelch/mongobot__bea008ae
ufolib,fonttools,googlefonts/cu2qu,3543e4f24e3b6246deb206ca53c03e00d003497b,0,2,,,,0,0,https://github.com/googlefonts/cu2qu/commit/3543e4f2,ufolib__fonttools__googlefonts/cu2qu__3543e4f2
ujson,rapidjson,htrc/htrc-feature-reader,7eae68aa368f3e1bc41b36a4f504f8bbe6ff46c8,0,1,,,,0,0,https://github.com/htrc/htrc-feature-reader/commit/7eae68aa,ujson__rapidjson__htrc/htrc-feature-reader__7eae68aa
ujson,rapidjson,kinto/kinto,951dd25ca87f6e4b47a87d254cc187331c4d031c,1,1,function call,function call,,1,0,https://github.com/kinto/kinto/commit/951dd25c,ujson__rapidjson__kinto/kinto__951dd25c
ujson,rapidjson,murthylab/sleap,50721de04719ea3064650cacba3ffba6456e69b7,1,1,function call,function call,,1,0,https://github.com/murthylab/sleap/commit/50721de0,ujson__rapidjson__murthylab/sleap__50721de0
umsgpack,msgpack,logicaldash/lise,028d0b34a4dadc59b18c88fa3381967c23245e63,36,1,function call,function call,"argument addition, argument name change, argument transformation, element name change",1,4,https://github.com/logicaldash/lise/commit/028d0b34,umsgpack__msgpack__logicaldash/lise__028d0b34
unicodecsv,csv,cfpb/cfgov-refresh,b4beec37d768262df8d6a0bb37707bb5d54f3bf9,6,6,function call,function call,"argument deletion, argument transformation",1,2,https://github.com/cfpb/cfgov-refresh/commit/b4beec37,unicodecsv__csv__cfpb/cfgov-refresh__b4beec37
unicodecsv,csv,seed-platform/seed,119ba4b7e75f38785c249fc635addb538d2877d9,1,1,function call,function call,argument deletion,1,1,https://github.com/seed-platform/seed/commit/119ba4b7,unicodecsv__csv__seed-platform/seed__119ba4b7
unipath,pathlib,studentenportal/web,4842cff0ea80d0e29fe541ab096803c321a6fffd,3,1,function call,"attribute, function call","argument deletion, element name change",2,2,https://github.com/studentenportal/web/commit/4842cff0,unipath__pathlib__studentenportal/web__4842cff0
urllib3,requests,byrnereese/uphold-sdk-python,14fd08502a37cd98aaf4570f53d4082b3dafe3dd,5,1,"exception, function call","exception, function call","argument deletion, element name change",2,2,https://github.com/byrnereese/uphold-sdk-python/commit/14fd0850,urllib3__requests__byrnereese/uphold-sdk-python__14fd0850
urllib3,requests,canonical/cloud-init,0fc887d97626132e9024490b271888bed162c867,8,1,"attribute, exception, function call","exception, function call",element name change,3,1,https://github.com/canonical/cloud-init/commit/0fc887d9,urllib3__requests__canonical/cloud-init__0fc887d9
urllib3,requests,finish06/pyunifi,3e534821de914f023995719060a8723f6186bef6,7,1,,function call,,1,0,https://github.com/finish06/pyunifi/commit/3e534821,urllib3__requests__finish06/pyunifi__3e534821
urllib3,requests,mixpanel/mixpanel-python,e8a9330448f8fd4ec2cdb1ab35e0de9a05d9717f,6,2,function call,function call,"argument addition, argument deletion, argument transformation, element name change",1,4,https://github.com/mixpanel/mixpanel-python/commit/e8a93304,urllib3__requests__mixpanel/mixpanel-python__e8a93304
watchdog,pyinotify,onitu/onitu,04575c8dab8d632acc40fc30fd42046cdfca36db,0,1,,,,0,0,https://github.com/onitu/onitu/commit/04575c8d,watchdog__pyinotify__onitu/onitu__04575c8d
webapp2,flask,c4rlo/vimhelp,7a5fadfd129ab995e783101a7e6a91c3702832c2,4,1,"attribute, type","attribute, type",element name change,2,1,https://github.com/c4rlo/vimhelp/commit/7a5fadfd,webapp2__flask__c4rlo/vimhelp__7a5fadfd
werkzeug,webob,dahlia/sqlalchemy-imageattach,7cd3ca5b3e3d88540adf82b6a35f7e68d4db0c68,12,1,"attribute, function call","attribute, function call","argument addition, element name change",2,2,https://github.com/dahlia/sqlalchemy-imageattach/commit/7cd3ca5b,werkzeug__webob__dahlia/sqlalchemy-imageattach__7cd3ca5b
wget,requests,noaa-oar-arl/monet,590936b7ab2e0aa49c04a5ecaed502eb1ab348b8,3,3,function call,function call,"element name change, output transformation",1,2,https://github.com/noaa-oar-arl/monet/commit/590936b7,wget__requests__noaa-oar-arl/monet__590936b7
xlsxwriter,openpyxl,bcgov/gwells,472f336f5db32ead27b6f4e171c6b8f782da8a02,1,1,function call,function call,element name change,1,1,https://github.com/bcgov/gwells/commit/472f336f,xlsxwriter__openpyxl__bcgov/gwells__472f336f
